apellido1,nombre,apellido2,nombre2,Numcelular,correo,cedula
Flores,Daniela,Castro,Luis,3693229354,daniela.flores81@outlook.com,2206935649
González,Felipe,Suárez,Laura,3999966867,felipe.gonzález147@outlook.com,4469461829
Martínez,María,Ortiz,Carlos,3506166084,maría.martínez807@hotmail.com,8007873695
Díaz,Miguel,Ortiz,Natalia,3465486251,miguel.díaz14@gmail.com,5940173940
Ramírez,Felipe,García,Miguel,3005327783,felipe.ramírez515@gmail.com,5395872998
Flores,Sofía,Pérez,Valentina,3749369644,sofía.flores805@yahoo.com,1811059650
Sánchez,Luis,Herrera,Jorge,3514669137,luis.sánchez443@hotmail.com,2415003501
Díaz,Laura,Moreno,Daniel,3833720963,laura.díaz6@outlook.com,5986339853
Castro,Luis,Herrera,Camila,3404585869,luis.castro559@outlook.com,6460808596
Ortiz,Juliana,Flores,Daniel,3581559739,juliana.ortiz519@gmail.com,2660489358
Suárez,Camilo,Moreno,Laura,3665793602,camilo.suárez502@gmail.com,1954043972
Ramírez,Andrés,Herrera,Juan,3162282452,andrés.ramírez898@yahoo.com,8606286205
Martínez,María,García,Camila,3860816492,maría.martínez420@outlook.com,461623486
Sánchez,Valentina,Pérez,Jorge,3681008888,valentina.sánchez840@gmail.com,3152707186
Flores,Santiago,Pérez,Carlos,3910936226,santiago.flores904@hotmail.com,760499779
Vargas,Santiago,Sánchez,Camila,3502504527,santiago.vargas728@outlook.com,23299211
García,Felipe,Flores,Andrés,3829678096,felipe.garcía897@gmail.com,1902897334
Díaz,Juan,Rivera,Miguel,3885237065,juan.díaz290@outlook.com,7882549328
González,Natalia,Rodríguez,Felipe,3931341798,natalia.gonzález895@gmail.com,2777641891
González,Daniel,López,Sofía,3977384697,daniel.gonzález186@hotmail.com,4067051383
González,Daniel,Rivera,Camilo,3301602374,daniel.gonzález667@outlook.com,3158454833
Pérez,Andrés,Sánchez,Juan,3460072792,andrés.pérez61@yahoo.com,1460514938
Martínez,Jorge,Rivera,Felipe,3120043445,jorge.martínez94@hotmail.com,4906983386
Ortiz,Valentina,Herrera,Juliana,3099228708,valentina.ortiz493@gmail.com,1149685201
Moreno,Carlos,Torres,Luis,3281994240,carlos.moreno402@yahoo.com,6340626104
Pérez,Ana,Torres,Valentina,3763745758,ana.pérez855@hotmail.com,6279454289
Pérez,Laura,Gómez,Felipe,3200916888,laura.pérez874@gmail.com,9821350024
Suárez,Daniel,Rivera,Andrés,3043583169,daniel.suárez930@hotmail.com,8408723774
López,Jorge,Pérez,Paula,3668016671,jorge.lópez62@gmail.com,5428945004
Suárez,Felipe,Rivera,Jorge,3148351733,felipe.suárez842@yahoo.com,1128117567
Rivera,Juliana,Vargas,Carlos,3314298366,juliana.rivera567@gmail.com,6116603845
Rojas,María,González,María,3003317365,maría.rojas706@outlook.com,1762466871
Gómez,Daniela,Rodríguez,Santiago,3575000363,daniela.gómez333@gmail.com,2532537737
González,María,Rojas,Carlos,3279420975,maría.gonzález840@hotmail.com,3724149822
Gómez,Camila,Pérez,Jorge,3791885940,camila.gómez582@yahoo.com,4510998706
Ramírez,Paula,Martínez,Camila,3946620332,paula.ramírez608@yahoo.com,9860325936
Flores,Santiago,Pérez,Juan,3044914130,santiago.flores482@yahoo.com,3493185958
Herrera,Camila,Pérez,Laura,3702576282,camila.herrera373@gmail.com,3023012755
Pérez,Ana,Martínez,Carlos,3437224941,ana.pérez542@yahoo.com,3299708673
Rodríguez,Natalia,González,Santiago,3539892411,natalia.rodríguez2@outlook.com,5310860727
Díaz,Juliana,Rodríguez,Carlos,3714965779,juliana.díaz523@gmail.com,3012490089
Martínez,María,López,Felipe,3244866326,maría.martínez743@yahoo.com,4324740298
Pérez,Laura,Ortiz,Carlos,3704286572,laura.pérez2@outlook.com,6192376577
Ramírez,Daniela,Torres,Valentina,3048568507,daniela.ramírez316@outlook.com,5388713970
García,Miguel,González,Natalia,3398970731,miguel.garcía491@hotmail.com,8942501315
López,Camila,Torres,Paula,3798821458,camila.lópez470@gmail.com,1907830619
Martínez,Carlos,García,Ana,3116034876,carlos.martínez126@hotmail.com,7726201966
Herrera,Santiago,Moreno,Daniela,3099643052,santiago.herrera329@yahoo.com,3446208074
Herrera,Natalia,García,Paula,3187071019,natalia.herrera632@hotmail.com,8087430761
Sánchez,Natalia,López,Laura,3300661527,natalia.sánchez357@yahoo.com,1083630219
Sánchez,Laura,Suárez,Sofía,3149299673,laura.sánchez409@hotmail.com,8181880408
Sánchez,María,Torres,Jorge,3813763243,maría.sánchez936@hotmail.com,2711593676
Flores,Valentina,Torres,Andrés,3063654431,valentina.flores245@yahoo.com,2819131376
Vargas,Miguel,Rojas,Luis,3934821187,miguel.vargas571@outlook.com,301506336
Díaz,Paula,Díaz,Sofía,3710801781,paula.díaz90@gmail.com,7502117832
Gómez,Luis,Sánchez,Miguel,3704739955,luis.gómez83@gmail.com,7344090996
García,Luis,Rojas,Valentina,3498853378,luis.garcía863@yahoo.com,7631301086
Pérez,Jorge,Gómez,Daniel,3074533833,jorge.pérez587@gmail.com,7822809096
Castro,Sofía,Torres,Daniel,3668315898,sofía.castro840@hotmail.com,4658726016
Flores,Sofía,Díaz,Luis,3713215681,sofía.flores661@hotmail.com,5560998119
Rivera,Ana,Rivera,Camilo,3000933050,ana.rivera908@yahoo.com,3528573424
Castro,María,Gómez,Camila,3787393907,maría.castro925@gmail.com,1718787052
Pérez,María,Flores,Sofía,3403344156,maría.pérez744@yahoo.com,6186325491
Ortiz,María,Moreno,Daniela,3192490197,maría.ortiz633@yahoo.com,2438138019
Vargas,Carlos,Gómez,Camila,3589768078,carlos.vargas124@yahoo.com,54814838
Castro,María,Martínez,Andrés,3517284749,maría.castro69@hotmail.com,2592658388
Martínez,Daniel,Herrera,Paula,3103603620,daniel.martínez701@outlook.com,6468019369
Ramírez,Jorge,Sánchez,Sofía,3002040114,jorge.ramírez800@hotmail.com,4554371046
Martínez,Juliana,Gómez,Jorge,3544241666,juliana.martínez524@outlook.com,485911410
Pérez,Daniela,García,Jorge,3404283278,daniela.pérez970@hotmail.com,9235683386
Torres,Carlos,Herrera,Luis,3480890471,carlos.torres325@outlook.com,5104935456
Flores,Andrés,Torres,Camila,3741202360,andrés.flores34@gmail.com,8730977161
Suárez,Paula,Suárez,Santiago,3781248612,paula.suárez594@outlook.com,5532122564
Díaz,Sofía,Ortiz,Juan,3220322898,sofía.díaz73@outlook.com,3776067473
Sánchez,Juliana,Díaz,Juan,3861604384,juliana.sánchez142@hotmail.com,5379597353
Vargas,Paula,Martínez,Miguel,3999781036,paula.vargas758@outlook.com,9635584675
Suárez,Felipe,Castro,Natalia,3171339053,felipe.suárez713@yahoo.com,9618020458
Herrera,Sofía,Rivera,Luis,3596960703,sofía.herrera873@yahoo.com,9740499713
Suárez,Paula,López,Daniela,3284750008,paula.suárez526@hotmail.com,5558676900
Ortiz,Valentina,Rodríguez,Jorge,3012896688,valentina.ortiz958@outlook.com,6342125121
Martínez,Jorge,Sánchez,Valentina,3659759434,jorge.martínez470@gmail.com,6159397359
Rivera,Felipe,Sánchez,Camilo,3153869403,felipe.rivera133@gmail.com,235073262
López,Laura,Rivera,Camilo,3044944571,laura.lópez376@yahoo.com,6269921149
Ramírez,Valentina,Vargas,Paula,3271534152,valentina.ramírez918@yahoo.com,500212551
Suárez,Laura,Gómez,Felipe,3614028848,laura.suárez689@outlook.com,6115794170
García,Laura,Ortiz,Carlos,3517917425,laura.garcía892@hotmail.com,6775326391
Flores,Andrés,González,Natalia,3830673113,andrés.flores284@gmail.com,9403487342
Rojas,Daniel,Suárez,Daniel,3164497406,daniel.rojas202@hotmail.com,8661596078
Vargas,Santiago,González,Camila,3807594819,santiago.vargas704@yahoo.com,7513182417
Martínez,Carlos,González,Carlos,3841968499,carlos.martínez55@outlook.com,4977941052
Ramírez,Miguel,Gómez,Juliana,3456529937,miguel.ramírez102@outlook.com,4043989763
García,Jorge,Flores,Camilo,3083640572,jorge.garcía569@gmail.com,1128697304
Herrera,Valentina,Ramírez,Ana,3051366012,valentina.herrera586@outlook.com,7409202416
Herrera,Santiago,López,Jorge,3930405294,santiago.herrera213@outlook.com,1766675983
Castro,Santiago,González,Paula,3030209975,santiago.castro69@outlook.com,3203267285
Gómez,Luis,Herrera,Ana,3002082250,luis.gómez590@yahoo.com,5840412534
Moreno,Natalia,López,Sofía,3733660740,natalia.moreno629@yahoo.com,5313644495
Flores,Luis,Ramírez,Santiago,3775843149,luis.flores924@yahoo.com,2419185353
Vargas,Camila,Díaz,Juliana,3368046812,camila.vargas279@hotmail.com,7684020623
Rivera,Felipe,Ortiz,María,3799118727,felipe.rivera180@outlook.com,7447603847
Suárez,Jorge,Pérez,Camilo,3597565333,jorge.suárez116@gmail.com,9999897144
Castro,Miguel,López,Andrés,3158180405,miguel.castro457@hotmail.com,6917178277
García,Camila,Torres,Felipe,3052428191,camila.garcía991@yahoo.com,7139160979
Martínez,Andrés,Suárez,Daniela,3180240596,andrés.martínez173@yahoo.com,6798841723
Ramírez,Carlos,Pérez,Juliana,3048819428,carlos.ramírez457@hotmail.com,6982573279
Rodríguez,Natalia,López,Miguel,3440551675,natalia.rodríguez753@hotmail.com,3945152003
García,Natalia,Díaz,Daniela,3124523457,natalia.garcía562@outlook.com,6503423923
González,María,Martínez,Camila,3511334415,maría.gonzález254@gmail.com,1452274974
Herrera,Juan,Pérez,Jorge,3470993404,juan.herrera476@outlook.com,979140020
Ramírez,Jorge,Ortiz,Juliana,3268357099,jorge.ramírez751@hotmail.com,9365097079
Gómez,Jorge,Sánchez,Ana,3603705498,jorge.gómez780@hotmail.com,3762163761
Pérez,Valentina,Rojas,María,3706447301,valentina.pérez286@gmail.com,8277668802
Martínez,Felipe,García,Andrés,3541133033,felipe.martínez36@yahoo.com,5687604370
Sánchez,Daniel,Ramírez,Daniel,3411082235,daniel.sánchez495@gmail.com,2764201493
Torres,Laura,Rodríguez,Santiago,3308172241,laura.torres883@gmail.com,7923821711
Herrera,Carlos,Sánchez,Jorge,3558339950,carlos.herrera674@yahoo.com,9275413016
González,Sofía,Ortiz,Natalia,3572869460,sofía.gonzález224@yahoo.com,2491450464
Moreno,Valentina,Sánchez,Camilo,3457489486,valentina.moreno930@gmail.com,4990428154
Pérez,Jorge,Martínez,María,3766460153,jorge.pérez217@gmail.com,8179286930
Rivera,Santiago,García,Paula,3017204146,santiago.rivera170@yahoo.com,6330066994
Castro,Laura,García,Daniel,3471589555,laura.castro648@gmail.com,2968810223
Herrera,Laura,Ramírez,Daniel,3867368445,laura.herrera484@gmail.com,2699804776
García,Juan,Rivera,Andrés,3656562865,juan.garcía802@hotmail.com,1801553481
López,Sofía,Suárez,Camila,3405611455,sofía.lópez804@gmail.com,9335341402
Rojas,Miguel,Rojas,Luis,3659998209,miguel.rojas748@gmail.com,9235101648
Vargas,María,Vargas,Natalia,3584651344,maría.vargas510@hotmail.com,2002574034
Moreno,Jorge,Castro,Miguel,3062151202,jorge.moreno784@outlook.com,4937795939
Rojas,Natalia,Martínez,Andrés,3010631738,natalia.rojas633@yahoo.com,6334280970
Flores,Laura,Suárez,Jorge,3328083793,laura.flores867@outlook.com,1663176733
Martínez,Santiago,Ortiz,Paula,3059769381,santiago.martínez692@hotmail.com,8105169358
Ortiz,Camila,García,Miguel,3194563895,camila.ortiz948@yahoo.com,1195160117
Ortiz,Santiago,Rivera,Miguel,3829811058,santiago.ortiz118@outlook.com,2274640881
Martínez,Valentina,Rodríguez,Santiago,3350575838,valentina.martínez255@outlook.com,6987096874
Ortiz,Jorge,González,Ana,3410326950,jorge.ortiz642@hotmail.com,7196034259
Castro,María,Sánchez,Valentina,3586078895,maría.castro736@hotmail.com,7033111864
Herrera,Jorge,Castro,Andrés,3933857264,jorge.herrera898@yahoo.com,6974735095
Pérez,Santiago,Díaz,Santiago,3882344770,santiago.pérez293@yahoo.com,9007157005
Ramírez,Camila,Pérez,Jorge,3042167955,camila.ramírez45@outlook.com,4986949883
Rodríguez,Ana,Rivera,Carlos,3303694270,ana.rodríguez947@hotmail.com,1200851188
Flores,Paula,Torres,Luis,3717092383,paula.flores503@gmail.com,6040226422
González,Andrés,Gómez,Andrés,3110372202,andrés.gonzález410@hotmail.com,8409706520
Castro,Andrés,Ortiz,Andrés,3914059415,andrés.castro258@gmail.com,1865492995
Flores,Camila,González,Juliana,3100254867,camila.flores312@outlook.com,3271271899
Sánchez,Daniel,Suárez,Laura,3435948547,daniel.sánchez288@gmail.com,7553376688
Díaz,Laura,Suárez,Sofía,3364887439,laura.díaz144@outlook.com,2659804473
Rodríguez,Daniel,Martínez,Sofía,3825375992,daniel.rodríguez290@hotmail.com,9272896435
González,Felipe,Castro,Daniel,3675059713,felipe.gonzález554@outlook.com,6017528047
González,Daniel,Castro,Daniela,3238603542,daniel.gonzález36@outlook.com,410503619
López,Ana,González,Santiago,3900960208,ana.lópez682@hotmail.com,4031217108
Moreno,María,Torres,Felipe,3660547639,maría.moreno782@outlook.com,3741163345
Díaz,Sofía,Sánchez,Natalia,3707465012,sofía.díaz172@yahoo.com,4578818480
Ortiz,Camilo,García,Juan,3972821995,camilo.ortiz915@outlook.com,8603576102
González,Camilo,Herrera,Jorge,3933150882,camilo.gonzález426@outlook.com,4184325037
Rojas,Paula,Torres,Juan,3378310348,paula.rojas504@gmail.com,2965496359
García,Camilo,García,María,3479757267,camilo.garcía534@yahoo.com,1244923872
Castro,Daniela,Rivera,Juan,3195789741,daniela.castro287@hotmail.com,2471743095
Ramírez,Natalia,Herrera,Daniel,3596256469,natalia.ramírez329@outlook.com,6500657636
Martínez,Paula,Vargas,Natalia,3990651429,paula.martínez148@hotmail.com,5837768215
Rivera,Jorge,González,Andrés,3935968246,jorge.rivera774@outlook.com,8501508646
Flores,Ana,Pérez,Santiago,3361723149,ana.flores102@hotmail.com,852922677
López,Valentina,Castro,Juan,3441466790,valentina.lópez593@outlook.com,3304496204
Sánchez,Miguel,López,Andrés,3250970679,miguel.sánchez266@hotmail.com,7493419370
Moreno,Camilo,Martínez,Valentina,3583953020,camilo.moreno285@gmail.com,3431849700
Martínez,Santiago,López,Juan,3745684887,santiago.martínez250@yahoo.com,8658116020
Rojas,Juan,Castro,Laura,3562532779,juan.rojas294@yahoo.com,1174106578
Torres,Miguel,González,Ana,3628530244,miguel.torres177@yahoo.com,8920470640
Herrera,Juliana,García,Sofía,3568159700,juliana.herrera72@yahoo.com,7397136679
Suárez,Juan,Flores,Sofía,3771756426,juan.suárez132@gmail.com,3857185323
Herrera,Camilo,Gómez,Jorge,3716077948,camilo.herrera516@hotmail.com,5163546366
Ramírez,Santiago,Pérez,Felipe,3079959583,santiago.ramírez703@hotmail.com,1679940206
González,Santiago,López,Felipe,3342054640,santiago.gonzález646@yahoo.com,246589221
Ramírez,Ana,Herrera,Paula,3103350156,ana.ramírez151@hotmail.com,1789705228
Vargas,Laura,Ortiz,Daniel,3240248540,laura.vargas784@outlook.com,9365729624
Suárez,Valentina,Suárez,Valentina,3184794409,valentina.suárez298@gmail.com,3115260574
Gómez,Paula,Ramírez,Sofía,3343838871,paula.gómez710@gmail.com,711207596
López,Felipe,García,Jorge,3671522557,felipe.lópez742@gmail.com,4992780970
Vargas,Andrés,Rivera,Sofía,3553494304,andrés.vargas906@hotmail.com,7261025867
Suárez,Paula,Rivera,Juan,3137740117,paula.suárez259@hotmail.com,1516069002
Rodríguez,Juan,Vargas,Sofía,3887591764,juan.rodríguez724@hotmail.com,3291265497
Rojas,Luis,García,Valentina,3085921700,luis.rojas475@gmail.com,2756480330
Rodríguez,Andrés,Rodríguez,Andrés,3100373628,andrés.rodríguez491@gmail.com,6101808018
González,Juan,Gómez,Valentina,3400004410,juan.gonzález915@yahoo.com,4873960659
Pérez,Luis,Rodríguez,Valentina,3497232553,luis.pérez856@yahoo.com,4695731839
Martínez,Miguel,Flores,Paula,3073388397,miguel.martínez477@yahoo.com,4282910088
Ortiz,Juliana,Ortiz,Jorge,3049238841,juliana.ortiz121@yahoo.com,5305784590
Pérez,Paula,Rojas,Carlos,3306284525,paula.pérez333@yahoo.com,8977998586
Rodríguez,Carlos,Martínez,Carlos,3287404132,carlos.rodríguez103@yahoo.com,1246899814
Sánchez,María,García,Juan,3710462714,maría.sánchez906@hotmail.com,5626976924
Díaz,Luis,Martínez,Juliana,3426342578,luis.díaz636@yahoo.com,2988615661
Ortiz,María,Vargas,Luis,3343410340,maría.ortiz894@hotmail.com,2532389742
López,Laura,Torres,Jorge,3001172649,laura.lópez560@outlook.com,5146887300
Martínez,Carlos,Gómez,Luis,3906938021,carlos.martínez987@yahoo.com,4522516148
Díaz,Juan,González,Valentina,3644568407,juan.díaz924@hotmail.com,140338900
Moreno,Valentina,Rivera,Camilo,3989756857,valentina.moreno672@gmail.com,5528199229
Rojas,María,Ortiz,Santiago,3548287263,maría.rojas360@yahoo.com,7865242821
Rivera,Jorge,Flores,Jorge,3682781958,jorge.rivera771@yahoo.com,7563680649
Ortiz,María,Vargas,Daniela,3682969474,maría.ortiz844@hotmail.com,5850184684
Martínez,Felipe,Flores,Felipe,3616500085,felipe.martínez202@hotmail.com,2696200073
Ramírez,Valentina,Vargas,Felipe,3961713697,valentina.ramírez458@hotmail.com,7973009994
Díaz,Santiago,Rojas,Juliana,3758620536,santiago.díaz235@outlook.com,1279588879
García,Miguel,García,Camilo,3943297622,miguel.garcía959@hotmail.com,1587241269
Castro,Daniel,Ramírez,Daniela,3051266489,daniel.castro258@gmail.com,1816994857
Díaz,Luis,Sánchez,Camila,3200831665,luis.díaz940@hotmail.com,6569637464
Rodríguez,Juan,Pérez,Camila,3219160436,juan.rodríguez589@hotmail.com,5384525211
Herrera,Santiago,Rojas,Felipe,3157452300,santiago.herrera847@yahoo.com,9727029636
Ramírez,Andrés,Díaz,Valentina,3623418894,andrés.ramírez378@hotmail.com,4908073382
Castro,Daniela,Suárez,Camila,3811652099,daniela.castro204@hotmail.com,149091998
Gómez,Andrés,Pérez,Felipe,3208283456,andrés.gómez525@yahoo.com,1274861205
Vargas,Jorge,Flores,Camilo,3070548668,jorge.vargas417@yahoo.com,742499812
Flores,Daniela,López,Ana,3881896272,daniela.flores44@outlook.com,6787440159
Herrera,Jorge,Martínez,Laura,3626757841,jorge.herrera253@gmail.com,5835675393
Suárez,Juan,Pérez,Luis,3359826496,juan.suárez251@gmail.com,4166986771
Herrera,Ana,Suárez,Luis,3636181272,ana.herrera296@gmail.com,129657842
García,Miguel,Rojas,María,3176548162,miguel.garcía544@hotmail.com,8349057995
Suárez,Daniel,Rojas,Paula,3277418925,daniel.suárez517@gmail.com,1833067118
Martínez,Ana,Sánchez,Carlos,3081519983,ana.martínez690@outlook.com,3433892393
González,Camila,Moreno,Felipe,3254336320,camila.gonzález941@hotmail.com,5421286193
López,Carlos,Castro,Felipe,3167572203,carlos.lópez788@gmail.com,1187792069
Rojas,Daniel,Rojas,Andrés,3686242557,daniel.rojas859@hotmail.com,4297542982
Rojas,Miguel,García,Daniel,3878979683,miguel.rojas817@gmail.com,8841876973
Moreno,Daniela,Gómez,Daniel,3480455291,daniela.moreno804@yahoo.com,6726254880
Rodríguez,Camila,Rivera,Ana,3236663729,camila.rodríguez7@gmail.com,2414706880
García,Daniela,Martínez,Juan,3482642698,daniela.garcía997@gmail.com,2885689168
Díaz,Santiago,Torres,Daniela,3065425469,santiago.díaz814@hotmail.com,7485061474
Herrera,Ana,Sánchez,Camila,3225804153,ana.herrera503@yahoo.com,7858845954
Torres,Miguel,Moreno,Camila,3928512222,miguel.torres230@hotmail.com,2077373156
Pérez,Carlos,Sánchez,Laura,3391735524,carlos.pérez928@gmail.com,9881791594
Rojas,Luis,Herrera,Felipe,3669905894,luis.rojas132@yahoo.com,8144034907
Flores,Felipe,Vargas,Felipe,3846978997,felipe.flores439@hotmail.com,3262310455
García,Jorge,Vargas,Daniel,3460763054,jorge.garcía651@gmail.com,6538438593
Vargas,Carlos,García,Natalia,3113489136,carlos.vargas871@outlook.com,6294494373
Flores,Santiago,Ramírez,Natalia,3731708425,santiago.flores119@outlook.com,1156478968
Moreno,Jorge,Moreno,Daniela,3784460391,jorge.moreno806@hotmail.com,2145779628
Gómez,Andrés,López,Juan,3381549076,andrés.gómez849@yahoo.com,8062142203
Vargas,Jorge,Castro,Juliana,3188440773,jorge.vargas197@yahoo.com,7180709177
Vargas,Sofía,Moreno,Andrés,3278851722,sofía.vargas165@gmail.com,2334248587
Sánchez,Juan,González,Valentina,3957349756,juan.sánchez734@hotmail.com,1642990268
Castro,Felipe,Pérez,Paula,3531728809,felipe.castro264@outlook.com,6367225953
Martínez,Sofía,Rojas,María,3436119614,sofía.martínez3@hotmail.com,6439340408
Flores,Natalia,Martínez,Daniela,3389537429,natalia.flores207@yahoo.com,6059340825
Torres,Valentina,Rojas,María,3123786455,valentina.torres600@hotmail.com,4293158346
Rodríguez,Natalia,López,Miguel,3042503219,natalia.rodríguez35@outlook.com,9660489261
Díaz,Felipe,López,Carlos,3959993793,felipe.díaz446@hotmail.com,4795515133
Vargas,Laura,López,Juan,3156520795,laura.vargas323@yahoo.com,4068778958
Flores,Paula,Pérez,Juan,3416826518,paula.flores149@outlook.com,6163062881
Pérez,Daniel,Torres,Natalia,3094654364,daniel.pérez39@yahoo.com,1991887741
González,Ana,Suárez,Daniel,3276274009,ana.gonzález949@outlook.com,3706991834
González,María,Rivera,Carlos,3051900318,maría.gonzález670@yahoo.com,5920152039
Gómez,Sofía,Sánchez,Camilo,3558787005,sofía.gómez953@outlook.com,3312880964
Rodríguez,Ana,Castro,Felipe,3198289189,ana.rodríguez730@hotmail.com,1244830299
Herrera,Camila,Gómez,Daniela,3659675553,camila.herrera311@hotmail.com,4881704659
Martínez,Juliana,Ortiz,Miguel,3208700219,juliana.martínez127@hotmail.com,4148878487
Rojas,Daniela,Díaz,Camila,3706649557,daniela.rojas989@hotmail.com,7233710518
García,Camilo,González,Juan,3921933617,camilo.garcía96@gmail.com,1499214488
López,Luis,Gómez,Juliana,3903922746,luis.lópez656@yahoo.com,478301814
Martínez,María,Castro,Santiago,3059811815,maría.martínez687@hotmail.com,9112196732
Ramírez,María,Vargas,Daniel,3787844083,maría.ramírez817@hotmail.com,2367907476
López,Laura,Herrera,Andrés,3672557048,laura.lópez936@yahoo.com,5431403826
Castro,María,García,Juan,3752552653,maría.castro956@yahoo.com,757968770
Vargas,Daniel,Rodríguez,Daniela,3511088268,daniel.vargas980@yahoo.com,2737698961
Herrera,Juan,González,Camila,3735202188,juan.herrera833@gmail.com,2272103031
Ramírez,María,López,Miguel,3475896242,maría.ramírez511@hotmail.com,8911897735
Vargas,Paula,Rojas,Andrés,3221017465,paula.vargas330@hotmail.com,5596494410
Vargas,Miguel,Vargas,Juan,3422037334,miguel.vargas515@hotmail.com,2627587322
Rojas,Carlos,Martínez,Felipe,3334056416,carlos.rojas303@gmail.com,2998936462
Rivera,Santiago,Herrera,Camila,3611421533,santiago.rivera12@gmail.com,2378112245
Ortiz,Valentina,Ortiz,Juliana,3622824315,valentina.ortiz121@yahoo.com,7122680138
Martínez,Juan,López,Luis,3045506891,juan.martínez376@yahoo.com,7770645839
Ramírez,Andrés,Rojas,Jorge,3620230343,andrés.ramírez627@gmail.com,7321576094
Díaz,Jorge,Ortiz,Camila,3190243975,jorge.díaz969@outlook.com,6774095427
Suárez,Sofía,Rivera,Camila,3998008918,sofía.suárez981@yahoo.com,7851196224
García,Paula,Gómez,Miguel,3115740227,paula.garcía959@hotmail.com,1794652837
Pérez,Luis,Pérez,Sofía,3361202885,luis.pérez535@hotmail.com,5722043308
Rivera,Andrés,Rojas,Juliana,3336461710,andrés.rivera282@yahoo.com,7227014469
González,Daniela,Sánchez,Laura,3326110424,daniela.gonzález743@hotmail.com,6280845551
Herrera,María,Díaz,Santiago,3278429938,maría.herrera515@yahoo.com,1976719865
Ortiz,Daniela,Rojas,Miguel,3124298214,daniela.ortiz469@yahoo.com,7564642253
Castro,Andrés,Pérez,Laura,3325499053,andrés.castro117@hotmail.com,5970595161
Pérez,Juan,Ramírez,Camilo,3351243647,juan.pérez224@yahoo.com,8097387122
Vargas,Camilo,Herrera,Sofía,3993708585,camilo.vargas769@gmail.com,209565909
Rodríguez,Jorge,Ramírez,Camila,3372267739,jorge.rodríguez725@outlook.com,7493126302
Torres,Laura,Suárez,Luis,3901346095,laura.torres424@yahoo.com,9395290195
Díaz,Juan,Gómez,Miguel,3290823890,juan.díaz558@yahoo.com,4305799646
Martínez,Luis,Flores,Valentina,3362854359,luis.martínez633@hotmail.com,6449316838
García,Juan,Sánchez,Natalia,3667230279,juan.garcía474@yahoo.com,4385577991
Rivera,Laura,Gómez,Ana,3970154714,laura.rivera345@outlook.com,4080987598
Vargas,Valentina,Vargas,Santiago,3859961245,valentina.vargas956@outlook.com,3801796419
Rojas,Carlos,Pérez,Ana,3796239503,carlos.rojas187@hotmail.com,9985680624
Herrera,Camila,Ramírez,Daniel,3527179214,camila.herrera28@yahoo.com,2126142675
López,Paula,Moreno,Carlos,3317602595,paula.lópez66@gmail.com,2716725329
Suárez,Daniel,Torres,Andrés,3146916859,daniel.suárez606@gmail.com,162520762
Rodríguez,Felipe,López,Juan,3355625563,felipe.rodríguez721@gmail.com,8787170016
Díaz,Paula,Moreno,Daniela,3293685655,paula.díaz630@hotmail.com,3146766509
Ramírez,Camilo,Díaz,Miguel,3088896232,camilo.ramírez467@hotmail.com,5467661963
Ramírez,Paula,Rojas,Sofía,3175250851,paula.ramírez919@hotmail.com,3849389635
Rojas,Jorge,Castro,Camilo,3586212333,jorge.rojas948@outlook.com,5869116850
Díaz,Camila,Sánchez,Sofía,3207601658,camila.díaz732@yahoo.com,9902269480
Herrera,Luis,Ortiz,María,3659107416,luis.herrera424@gmail.com,7475801136
Moreno,Camilo,Suárez,Santiago,3699394741,camilo.moreno948@gmail.com,7492465024
Gómez,Valentina,Rojas,Laura,3157812738,valentina.gómez896@outlook.com,1514516093
Gómez,Felipe,García,Daniel,3643734831,felipe.gómez553@yahoo.com,6252657258
Flores,Juan,Rodríguez,Miguel,3988331418,juan.flores527@gmail.com,3919704605
Díaz,María,Rodríguez,Ana,3814988302,maría.díaz172@outlook.com,3751115411
Gómez,Natalia,Sánchez,Andrés,3038597103,natalia.gómez900@gmail.com,4506511908
Suárez,Laura,Ramírez,María,3030660993,laura.suárez641@yahoo.com,770650852
Rodríguez,Camila,Pérez,Daniel,3535257628,camila.rodríguez139@gmail.com,3838409032
Ramírez,Juliana,Ramírez,Natalia,3975817365,juliana.ramírez491@gmail.com,1253403634
Flores,María,García,Natalia,3304316588,maría.flores849@outlook.com,4894421658
Rivera,Felipe,Gómez,Valentina,3865523935,felipe.rivera706@gmail.com,7007773716
Ortiz,Ana,González,Camila,3165225307,ana.ortiz936@yahoo.com,3242109622
García,Camila,Castro,Luis,3178559713,camila.garcía779@gmail.com,7770806698
López,Santiago,Herrera,Juliana,3605298692,santiago.lópez571@gmail.com,7968061172
Pérez,Juan,Ortiz,Daniel,3513530066,juan.pérez576@outlook.com,3168742159
Martínez,Ana,Suárez,Natalia,3624520313,ana.martínez670@gmail.com,8879732371
Martínez,Juliana,González,Juan,3053179627,juliana.martínez885@yahoo.com,2953525416
Castro,Natalia,Sánchez,Sofía,3693724766,natalia.castro185@hotmail.com,8472287798
Ramírez,Laura,Suárez,María,3974361010,laura.ramírez88@gmail.com,4771380093
Suárez,Luis,Rivera,Santiago,3221273562,luis.suárez334@gmail.com,7522877319
Pérez,Juan,Flores,María,3407579264,juan.pérez441@gmail.com,2504535645
Herrera,Camila,García,Daniel,3528851134,camila.herrera625@outlook.com,220550675
Moreno,Luis,Rodríguez,Ana,3626760329,luis.moreno369@yahoo.com,4257207828
Rodríguez,Felipe,Sánchez,Juan,3405157080,felipe.rodríguez987@outlook.com,5796644759
Rodríguez,Paula,Herrera,Camila,3462019495,paula.rodríguez133@gmail.com,5341491992
Suárez,María,Ortiz,Ana,3135151897,maría.suárez349@hotmail.com,6875213514
Rojas,Miguel,López,Camila,3438161672,miguel.rojas354@outlook.com,2992928008
Martínez,Juliana,Ramírez,María,3513551300,juliana.martínez231@hotmail.com,2612112423
Ramírez,Laura,Martínez,Valentina,3325694406,laura.ramírez244@gmail.com,3377558510
Rojas,Juan,González,Camilo,3291678970,juan.rojas343@gmail.com,3124545371
Pérez,Jorge,Rivera,Felipe,3012610447,jorge.pérez582@yahoo.com,8355307977
Castro,Laura,Rivera,María,3302652960,laura.castro797@hotmail.com,9364427470
Herrera,Jorge,Ramírez,Daniel,3495396407,jorge.herrera604@hotmail.com,2169328688
Torres,Felipe,Sánchez,Juliana,3248088011,felipe.torres420@outlook.com,5726720036
Ortiz,Valentina,García,Jorge,3158050239,valentina.ortiz552@outlook.com,146048637
García,Juan,Vargas,Juan,3227127642,juan.garcía474@yahoo.com,8087243183
Martínez,Paula,Moreno,Daniel,3263051577,paula.martínez720@gmail.com,62666872
Gómez,Laura,Rojas,Felipe,3062818663,laura.gómez342@yahoo.com,5810159078
Suárez,Camila,Sánchez,Valentina,3317039556,camila.suárez405@hotmail.com,4262449902
Pérez,Camila,Herrera,Daniel,3779239108,camila.pérez808@yahoo.com,7372416096
Flores,Daniel,González,Laura,3728263348,daniel.flores180@gmail.com,5130102672
Rivera,Daniela,López,Natalia,3449990202,daniela.rivera861@yahoo.com,9482505705
Rivera,Juan,López,Juan,3998394561,juan.rivera687@hotmail.com,1136246341
Castro,Felipe,López,Daniel,3695896367,felipe.castro479@yahoo.com,9366818900
Gómez,Santiago,Díaz,Sofía,3062362590,santiago.gómez841@gmail.com,3835111173
Torres,Ana,Martínez,Camila,3123426180,ana.torres73@gmail.com,4213552587
Flores,Daniel,López,Camila,3215331082,daniel.flores920@outlook.com,4386711793
Flores,Daniel,Gómez,Paula,3600350831,daniel.flores290@yahoo.com,8825480408
Ortiz,Jorge,López,María,3835632494,jorge.ortiz491@yahoo.com,3119748731
Torres,Laura,Rodríguez,Miguel,3559056818,laura.torres810@hotmail.com,5477728425
Díaz,Laura,Herrera,Miguel,3289561787,laura.díaz847@outlook.com,2150867687
Suárez,Miguel,Martínez,Camilo,3281367026,miguel.suárez524@outlook.com,9142041250
García,Juliana,Suárez,Andrés,3207429030,juliana.garcía828@gmail.com,4669367160
Gómez,Juliana,Torres,Jorge,3113482083,juliana.gómez364@yahoo.com,1980575417
Suárez,Felipe,Gómez,Laura,3328964535,felipe.suárez881@outlook.com,1808431008
Torres,Daniel,Rivera,Miguel,3836751444,daniel.torres434@gmail.com,5446349024
Rivera,Natalia,López,Camilo,3257847841,natalia.rivera549@outlook.com,2551770661
Herrera,Santiago,Rodríguez,Jorge,3672815023,santiago.herrera195@yahoo.com,738644713
López,María,Herrera,Juan,3674629409,maría.lópez689@yahoo.com,4858161866
Rodríguez,Camilo,Pérez,Sofía,3315860861,camilo.rodríguez448@yahoo.com,9393308149
Sánchez,Miguel,Herrera,Luis,3855209962,miguel.sánchez548@hotmail.com,5198687779
Rodríguez,Laura,Martínez,Valentina,3935649806,laura.rodríguez503@gmail.com,2879393890
Díaz,Luis,Ramírez,Valentina,3804460817,luis.díaz370@outlook.com,2903956397
López,Felipe,Díaz,Jorge,3786372954,felipe.lópez60@outlook.com,5060959466
Herrera,María,Martínez,Camila,3832371889,maría.herrera313@outlook.com,2463175415
Ortiz,Andrés,Vargas,Natalia,3247474256,andrés.ortiz309@outlook.com,1324112565
Suárez,Andrés,Castro,Ana,3096162059,andrés.suárez867@outlook.com,1032668875
Suárez,María,Sánchez,María,3992573140,maría.suárez120@yahoo.com,1512247730
Herrera,Sofía,Ramírez,Daniel,3728340242,sofía.herrera718@outlook.com,5606065329
Rodríguez,Daniela,Rivera,Miguel,3017416359,daniela.rodríguez383@yahoo.com,3932131228
Torres,Daniel,Herrera,Andrés,3879061197,daniel.torres83@outlook.com,9464232593
Rojas,Daniel,García,Luis,3673168389,daniel.rojas256@outlook.com,9086280950
Torres,Carlos,Moreno,Daniel,3151830200,carlos.torres405@gmail.com,4419198656
Rojas,María,González,Natalia,3227944262,maría.rojas160@yahoo.com,9761289956
González,Valentina,Ortiz,Juan,3186951752,valentina.gonzález134@yahoo.com,243649349
Castro,Miguel,Suárez,Ana,3499361771,miguel.castro124@outlook.com,8293947242
Díaz,Jorge,López,Paula,3889842199,jorge.díaz488@outlook.com,7236222350
Herrera,Juliana,Castro,Camila,3083697995,juliana.herrera632@hotmail.com,5096160910
Moreno,Daniel,González,Daniela,3323471928,daniel.moreno445@hotmail.com,8851348150
García,Daniel,Rivera,Felipe,3642524239,daniel.garcía243@hotmail.com,8193716940
Vargas,Jorge,Torres,Daniela,3790691008,jorge.vargas674@gmail.com,6650356200
Rodríguez,Juan,Gómez,Juan,3095043943,juan.rodríguez484@gmail.com,2633097117
Castro,Felipe,González,Juliana,3001781699,felipe.castro72@hotmail.com,8651577890
Ramírez,Felipe,González,Ana,3099732578,felipe.ramírez833@yahoo.com,5856521734
Castro,Daniela,Pérez,Felipe,3709500577,daniela.castro383@yahoo.com,1239241777
Díaz,Laura,Rivera,Juan,3933795932,laura.díaz495@gmail.com,9712065849
Sánchez,Juliana,González,Juliana,3158404658,juliana.sánchez382@gmail.com,7932715363
Díaz,Juan,García,Juan,3542297985,juan.díaz429@gmail.com,4227002249
Pérez,Valentina,Pérez,Carlos,3909976169,valentina.pérez947@gmail.com,7616718948
Flores,Luis,Ramírez,Luis,3843643603,luis.flores954@gmail.com,8977691800
Sánchez,Andrés,Sánchez,Laura,3578549559,andrés.sánchez483@outlook.com,5897960162
Díaz,Carlos,Pérez,Carlos,3452378205,carlos.díaz298@yahoo.com,1742996785
Flores,Natalia,Pérez,Luis,3551531868,natalia.flores337@hotmail.com,3146927730
Torres,Camila,Martínez,Luis,3735052052,camila.torres869@outlook.com,6132041152
García,Daniela,Herrera,Camila,3239095405,daniela.garcía982@outlook.com,1486486844
Vargas,Sofía,Rojas,Carlos,3200405026,sofía.vargas624@hotmail.com,7295393105
Suárez,Camila,Sánchez,Felipe,3547083471,camila.suárez321@gmail.com,630243294
García,Miguel,Castro,Paula,3340891033,miguel.garcía894@hotmail.com,4722807021
Ramírez,Juliana,López,Felipe,3673912593,juliana.ramírez474@gmail.com,3589934186
Ramírez,Jorge,Martínez,Juan,3537100610,jorge.ramírez55@gmail.com,1496522591
Rodríguez,Andrés,Torres,Miguel,3085475436,andrés.rodríguez51@hotmail.com,1889018463
Castro,Carlos,Gómez,Jorge,3533785951,carlos.castro181@hotmail.com,4354121932
Castro,Daniela,Rivera,Laura,3434850109,daniela.castro100@outlook.com,2198872029
Vargas,Andrés,Castro,María,3395666137,andrés.vargas306@yahoo.com,4619974341
González,Carlos,Díaz,Daniela,3718296152,carlos.gonzález422@yahoo.com,9049991048
Herrera,Laura,Ortiz,Valentina,3719195950,laura.herrera436@gmail.com,7101744146
Pérez,Andrés,Suárez,Juliana,3591937236,andrés.pérez990@yahoo.com,258118569
Ramírez,Camilo,Díaz,Camilo,3965440030,camilo.ramírez437@yahoo.com,7967727573
Ortiz,Daniela,Herrera,Daniel,3331630425,daniela.ortiz586@hotmail.com,6641108967
Ramírez,Valentina,Rivera,Carlos,3675170085,valentina.ramírez547@yahoo.com,1435342659
Rojas,Laura,Ortiz,Sofía,3591125105,laura.rojas785@outlook.com,9075385421
Herrera,Camila,García,Paula,3650446466,camila.herrera427@yahoo.com,484419754
Moreno,Miguel,Gómez,Camilo,3574683437,miguel.moreno367@yahoo.com,3382840126
Martínez,María,García,Juliana,3819911938,maría.martínez524@yahoo.com,3817094286
Pérez,María,Suárez,Valentina,3191574331,maría.pérez787@yahoo.com,8251373234
Sánchez,Luis,Moreno,Juliana,3580248358,luis.sánchez348@yahoo.com,5398141335
Ortiz,Sofía,Flores,Santiago,3503833262,sofía.ortiz173@hotmail.com,3959315966
Pérez,Laura,Vargas,Paula,3002747697,laura.pérez411@outlook.com,3120004880
García,Miguel,Sánchez,Daniel,3595978497,miguel.garcía516@gmail.com,4949551944
Díaz,Daniela,Rivera,Juan,3291192345,daniela.díaz889@hotmail.com,5025240001
Rivera,Camilo,Vargas,Miguel,3100364550,camilo.rivera5@gmail.com,1418354790
Rodríguez,Juan,Herrera,Juliana,3316270527,juan.rodríguez502@outlook.com,3920416478
Suárez,Valentina,Gómez,Juan,3567219101,valentina.suárez14@gmail.com,9209995319
Rojas,Daniel,Torres,Jorge,3485579995,daniel.rojas970@yahoo.com,8566948419
Suárez,Camila,Torres,Camilo,3483979484,camila.suárez264@outlook.com,5678317290
González,Felipe,Rojas,Jorge,3164254070,felipe.gonzález393@hotmail.com,3353222173
Martínez,Daniela,Torres,Camila,3369467682,daniela.martínez516@hotmail.com,1551321184
González,Santiago,Martínez,Juliana,3031718817,santiago.gonzález956@outlook.com,1230390546
Torres,Santiago,Martínez,Camilo,3414754102,santiago.torres760@hotmail.com,8935139927
Rojas,Miguel,González,Ana,3474846509,miguel.rojas623@yahoo.com,2419939051
Martínez,Juliana,Rivera,Daniela,3503724553,juliana.martínez614@outlook.com,3546460812
Flores,Jorge,Vargas,Natalia,3295189828,jorge.flores241@yahoo.com,7148649709
Martínez,Carlos,Sánchez,Miguel,3477881140,carlos.martínez957@outlook.com,960482236
Vargas,Sofía,Gómez,Natalia,3765425488,sofía.vargas280@gmail.com,3444620201
Díaz,Andrés,Vargas,Sofía,3645152054,andrés.díaz375@gmail.com,4132225013
Rivera,Santiago,Vargas,Luis,3118099420,santiago.rivera686@hotmail.com,1639103003
Díaz,Valentina,López,Juan,3963515551,valentina.díaz987@hotmail.com,5707144912
Suárez,Paula,Ortiz,María,3038811047,paula.suárez465@yahoo.com,9111412166
González,Ana,Ramírez,Laura,3346783546,ana.gonzález83@yahoo.com,1577317406
Vargas,Jorge,Moreno,Andrés,3151479199,jorge.vargas502@gmail.com,1271018908
Vargas,Santiago,López,Miguel,3937199093,santiago.vargas664@outlook.com,3894818202
Sánchez,Jorge,Pérez,Santiago,3549218261,jorge.sánchez436@yahoo.com,1590322869
Torres,Felipe,López,Ana,3755072792,felipe.torres495@yahoo.com,7510427803
Sánchez,Sofía,Ramírez,Camilo,3226554854,sofía.sánchez949@outlook.com,8632206918
Pérez,Miguel,Díaz,Natalia,3569244285,miguel.pérez66@gmail.com,1901204272
Ramírez,Santiago,Moreno,Juliana,3528186906,santiago.ramírez335@outlook.com,2829269381
Suárez,Daniel,Rodríguez,Camila,3106353828,daniel.suárez668@yahoo.com,6357009853
Rojas,Camila,Rodríguez,Laura,3339088690,camila.rojas750@outlook.com,8414784803
Vargas,Valentina,Flores,Daniel,3650072324,valentina.vargas859@outlook.com,1768830623
Martínez,Paula,González,Juan,3156540917,paula.martínez185@outlook.com,6363691532
Ortiz,Laura,Martínez,Daniel,3101320852,laura.ortiz190@yahoo.com,7036908103
Pérez,María,Castro,Ana,3766306265,maría.pérez489@outlook.com,8996297464
Martínez,Laura,Pérez,Camilo,3770598513,laura.martínez249@gmail.com,4932150765
González,Ana,Suárez,Camilo,3195681237,ana.gonzález118@gmail.com,9655314417
Moreno,Andrés,Sánchez,Daniela,3893767798,andrés.moreno671@yahoo.com,7001202214
Martínez,Sofía,Rodríguez,Ana,3355072653,sofía.martínez881@yahoo.com,8517041254
Vargas,Laura,Suárez,Luis,3963271537,laura.vargas330@hotmail.com,1299321855
Díaz,Sofía,Flores,Daniela,3408901561,sofía.díaz839@yahoo.com,9367528726
Sánchez,Miguel,Sánchez,María,3631067767,miguel.sánchez998@yahoo.com,7532236512
Torres,Juliana,Herrera,Juan,3027212346,juliana.torres55@gmail.com,663705081
Pérez,Sofía,Díaz,Ana,3288455980,sofía.pérez150@outlook.com,6847419607
Gómez,Valentina,Flores,Daniela,3581897969,valentina.gómez875@outlook.com,499106818
Rojas,Juliana,Ramírez,Carlos,3534722836,juliana.rojas682@gmail.com,5265010293
Gómez,Santiago,Ramírez,Jorge,3558010717,santiago.gómez390@hotmail.com,1924208891
Rivera,Felipe,González,Laura,3586017250,felipe.rivera341@gmail.com,2110142084
Torres,Santiago,López,Felipe,3671104689,santiago.torres910@hotmail.com,9771431334
Flores,Laura,Vargas,Camila,3719622737,laura.flores560@gmail.com,2543404735
Ortiz,Camilo,Sánchez,Ana,3192978000,camilo.ortiz228@outlook.com,3954339692
Díaz,Santiago,Torres,Paula,3880995807,santiago.díaz815@outlook.com,6001983680
García,Felipe,Moreno,Daniel,3643719095,felipe.garcía938@yahoo.com,990890938
González,Ana,Martínez,Sofía,3573017723,ana.gonzález941@gmail.com,6150377223
Ortiz,Juliana,Gómez,Sofía,3018937265,juliana.ortiz647@outlook.com,2486797868
Pérez,Daniela,Martínez,Daniel,3138188554,daniela.pérez515@hotmail.com,8879782592
Flores,Sofía,Moreno,Ana,3780123485,sofía.flores147@yahoo.com,2344551880
Ortiz,Sofía,Díaz,Sofía,3684037834,sofía.ortiz959@yahoo.com,2474557071
Rojas,Camilo,Suárez,Juliana,3633041891,camilo.rojas670@yahoo.com,8915079597
Flores,Camilo,Rodríguez,Andrés,3154974762,camilo.flores234@outlook.com,7080092239
Gómez,Juliana,Rivera,Jorge,3374437722,juliana.gómez512@hotmail.com,1111122358
Pérez,Sofía,Flores,Juan,3020461040,sofía.pérez266@yahoo.com,9113501719
Rodríguez,Sofía,Martínez,Carlos,3992086350,sofía.rodríguez939@outlook.com,888308761
López,Felipe,Rivera,Juan,3920150405,felipe.lópez545@gmail.com,1457451422
Martínez,María,Castro,Miguel,3694473656,maría.martínez106@outlook.com,2234659167
Pérez,Juliana,Martínez,Camilo,3889216670,juliana.pérez430@yahoo.com,4118546642
Martínez,Juliana,Sánchez,Juliana,3619397385,juliana.martínez442@gmail.com,1422416820
Suárez,Valentina,Gómez,Santiago,3161020909,valentina.suárez869@outlook.com,2681577797
Suárez,Felipe,Ortiz,Laura,3423755365,felipe.suárez931@hotmail.com,2581295717
Rivera,Andrés,González,Andrés,3767012183,andrés.rivera916@outlook.com,6526689931
González,Daniela,Ramírez,Camilo,3584192498,daniela.gonzález296@hotmail.com,4330749039
Castro,Carlos,Pérez,María,3674272970,carlos.castro121@yahoo.com,1157437995
Martínez,Camilo,Suárez,Camilo,3415743910,camilo.martínez771@hotmail.com,3019840040
González,Laura,Vargas,Paula,3647613023,laura.gonzález248@gmail.com,3791600071
Sánchez,Felipe,Suárez,Sofía,3440637600,felipe.sánchez462@outlook.com,3273132800
Castro,Luis,Rodríguez,Juliana,3951759824,luis.castro722@gmail.com,9915749612
Suárez,Andrés,Herrera,Santiago,3109913119,andrés.suárez707@gmail.com,6716817634
Ortiz,Sofía,García,Carlos,3835989341,sofía.ortiz344@hotmail.com,6809469665
Castro,Camilo,González,Andrés,3810430966,camilo.castro872@hotmail.com,3249330527
Martínez,Andrés,Rivera,Laura,3496347198,andrés.martínez745@hotmail.com,8049573938
Sánchez,Andrés,Martínez,Santiago,3743169101,andrés.sánchez770@gmail.com,5659050850
Vargas,Valentina,Gómez,Paula,3981792507,valentina.vargas376@hotmail.com,8635271129
Castro,Daniela,Castro,Ana,3503066738,daniela.castro885@hotmail.com,7381263804
González,María,García,María,3227208762,maría.gonzález586@gmail.com,6294689785
Vargas,Daniel,García,Juan,3017035179,daniel.vargas994@hotmail.com,3113329106
Gómez,Camilo,Díaz,Carlos,3602881694,camilo.gómez383@yahoo.com,7400810318
Díaz,Camilo,Martínez,Paula,3263355387,camilo.díaz319@hotmail.com,2112957737
Ramírez,Felipe,Díaz,Andrés,3950998203,felipe.ramírez56@yahoo.com,3741604077
Gómez,Andrés,Castro,Laura,3909732595,andrés.gómez198@outlook.com,1018322544
Torres,Laura,Rodríguez,Jorge,3189381563,laura.torres63@hotmail.com,8426151002
López,María,Moreno,Natalia,3019388641,maría.lópez836@yahoo.com,3814349067
Moreno,Ana,Gómez,Daniel,3800138073,ana.moreno833@yahoo.com,3236053682
Pérez,Daniela,Suárez,Natalia,3192531445,daniela.pérez883@hotmail.com,5869275665
López,Juliana,Pérez,Carlos,3513304102,juliana.lópez302@gmail.com,4976190294
Castro,Daniela,Rojas,Luis,3445682188,daniela.castro633@gmail.com,4370797059
Ortiz,Camila,Moreno,Jorge,3639916714,camila.ortiz388@outlook.com,257588038
Herrera,Juliana,González,Daniela,3965370501,juliana.herrera309@gmail.com,9149124028
Ortiz,Valentina,Herrera,Jorge,3021013318,valentina.ortiz809@hotmail.com,2372117723
Flores,Daniel,Sánchez,Luis,3802078735,daniel.flores706@hotmail.com,1392900562
García,Laura,Díaz,Miguel,3027781266,laura.garcía947@gmail.com,7605134959
Rodríguez,Camilo,López,Daniel,3074334026,camilo.rodríguez519@hotmail.com,9040477435
García,Valentina,Moreno,Carlos,3047350064,valentina.garcía989@gmail.com,3882821156
Flores,Daniela,Torres,Valentina,3969672967,daniela.flores717@outlook.com,2949170323
Ortiz,Daniela,Pérez,Sofía,3068309656,daniela.ortiz243@yahoo.com,8381282824
Martínez,Luis,López,Andrés,3759400010,luis.martínez725@hotmail.com,380490529
Flores,Paula,Suárez,Juliana,3984649321,paula.flores568@yahoo.com,5674255358
Ortiz,Laura,Sánchez,Camila,3011539395,laura.ortiz576@outlook.com,6372097343
Moreno,Jorge,Díaz,Camilo,3561641797,jorge.moreno604@hotmail.com,93612273
Vargas,Daniel,López,Daniela,3322723263,daniel.vargas677@outlook.com,5680186428
Ramírez,María,Flores,Laura,3681401963,maría.ramírez220@outlook.com,2819944067
Rivera,Jorge,Herrera,Andrés,3049021888,jorge.rivera140@outlook.com,5409893950
García,Camilo,Moreno,Felipe,3100721196,camilo.garcía41@outlook.com,6864617198
Ramírez,Felipe,Ramírez,Juan,3135243948,felipe.ramírez368@gmail.com,8973221658
Moreno,Felipe,Pérez,Santiago,3530854134,felipe.moreno142@hotmail.com,3430679253
Torres,Juliana,Pérez,Jorge,3206956850,juliana.torres778@gmail.com,4906778393
Suárez,Juliana,Sánchez,Sofía,3960564079,juliana.suárez650@yahoo.com,362896744
Díaz,Carlos,Castro,Laura,3080262331,carlos.díaz230@gmail.com,682055367
Suárez,Santiago,López,Natalia,3017034067,santiago.suárez411@hotmail.com,5624917849
Suárez,Camilo,Díaz,Valentina,3701771203,camilo.suárez141@gmail.com,4360747869
Rodríguez,Ana,Rivera,Miguel,3853140295,ana.rodríguez957@outlook.com,5284999583
González,Ana,García,Daniela,3314439624,ana.gonzález406@yahoo.com,6182159896
Rodríguez,Felipe,Rivera,Daniel,3956617773,felipe.rodríguez1@outlook.com,247752053
Ramírez,Felipe,Rojas,Paula,3297731251,felipe.ramírez743@hotmail.com,1773024861
Ramírez,Jorge,Pérez,Paula,3477291528,jorge.ramírez490@outlook.com,2966331400
Castro,Felipe,Castro,Juliana,3884689088,felipe.castro935@yahoo.com,308823854
Rojas,Camilo,Moreno,Laura,3247425065,camilo.rojas708@hotmail.com,2124351509
Torres,Camila,Rojas,Santiago,3017148743,camila.torres79@yahoo.com,9979684333
Rojas,Miguel,Ortiz,Miguel,3648445917,miguel.rojas905@hotmail.com,3184966805
Moreno,Natalia,Pérez,Daniel,3908100426,natalia.moreno189@yahoo.com,8315039338
Martínez,Felipe,Ortiz,Camila,3681918961,felipe.martínez443@hotmail.com,9365319640
González,Daniela,García,Camila,3813730376,daniela.gonzález323@hotmail.com,2069685372
Suárez,Andrés,Castro,Daniel,3357757881,andrés.suárez964@yahoo.com,2763355209
Vargas,Jorge,López,Daniel,3250762005,jorge.vargas591@yahoo.com,8217941125
López,Felipe,Torres,Ana,3964184314,felipe.lópez243@gmail.com,922549408
González,Miguel,Ramírez,Juan,3776264214,miguel.gonzález356@yahoo.com,5282701373
Ortiz,Paula,López,Daniel,3640893697,paula.ortiz415@hotmail.com,7113137985
Vargas,Andrés,Castro,Daniel,3736246322,andrés.vargas805@yahoo.com,3204079277
Rojas,Daniel,Suárez,Laura,3958813752,daniel.rojas149@outlook.com,7609184146
Pérez,Felipe,López,Miguel,3670813181,felipe.pérez335@hotmail.com,4937622099
Suárez,Juan,González,Santiago,3162672529,juan.suárez283@outlook.com,4737848546
Torres,Juan,López,Juan,3059549090,juan.torres362@outlook.com,724169539
Gómez,María,García,Miguel,3427634459,maría.gómez260@yahoo.com,9808275867
Sánchez,Valentina,López,Santiago,3570695278,valentina.sánchez869@yahoo.com,9229046959
Martínez,Laura,Vargas,María,3572401764,laura.martínez794@outlook.com,5308435540
Herrera,Camilo,Rodríguez,Andrés,3307104692,camilo.herrera244@yahoo.com,8313487800
Moreno,Paula,López,Camila,3648473666,paula.moreno689@outlook.com,3132410295
Sánchez,Sofía,Moreno,Natalia,3402410318,sofía.sánchez156@gmail.com,4353340770
Pérez,Daniela,González,María,3756121899,daniela.pérez230@gmail.com,2403297845
Castro,Luis,Rojas,Camila,3344586530,luis.castro432@hotmail.com,5724647865
Díaz,Luis,Martínez,Sofía,3843630952,luis.díaz61@gmail.com,1397472399
Pérez,Andrés,Díaz,Ana,3335589022,andrés.pérez335@gmail.com,1980066018
Rojas,Miguel,Rodríguez,Santiago,3464462585,miguel.rojas931@outlook.com,4257923259
Rivera,Paula,Gómez,Camila,3855901874,paula.rivera568@yahoo.com,9441761640
Ortiz,María,Rodríguez,Miguel,3912030788,maría.ortiz197@hotmail.com,575369456
Ortiz,Jorge,Rivera,Natalia,3624884986,jorge.ortiz262@gmail.com,5183901283
Herrera,Paula,Herrera,Natalia,3787296884,paula.herrera537@hotmail.com,567696384
Moreno,Camila,Castro,Jorge,3111274607,camila.moreno46@gmail.com,6303433381
Torres,Andrés,Ramírez,Juan,3408569389,andrés.torres934@gmail.com,2235680731
Herrera,Daniela,González,Paula,3604294083,daniela.herrera115@hotmail.com,124073179
Castro,Camila,Rivera,Natalia,3861177395,camila.castro909@yahoo.com,9446645100
Suárez,Miguel,Pérez,Juliana,3435447158,miguel.suárez224@gmail.com,7077175647
Martínez,Laura,Rojas,Natalia,3672428159,laura.martínez295@gmail.com,2594016522
Rodríguez,Miguel,Rivera,Paula,3217576088,miguel.rodríguez326@hotmail.com,2630166330
Torres,Ana,Rivera,Natalia,3629897522,ana.torres494@yahoo.com,4928353825
Rodríguez,Camilo,Suárez,Andrés,3911475070,camilo.rodríguez825@yahoo.com,351121831
Rodríguez,Ana,Martínez,Ana,3453681110,ana.rodríguez603@gmail.com,7533545399
González,Camilo,Flores,Ana,3697327529,camilo.gonzález35@hotmail.com,6916869324
Rodríguez,Santiago,Pérez,María,3599841113,santiago.rodríguez513@gmail.com,1373548254
Herrera,Camila,López,Paula,3246073601,camila.herrera243@gmail.com,7478943487
López,Juliana,Herrera,Santiago,3813424606,juliana.lópez396@hotmail.com,3354484159
López,Paula,González,Ana,3810911380,paula.lópez410@gmail.com,1123157571
Martínez,Carlos,López,Daniel,3455200250,carlos.martínez337@yahoo.com,4936170994
Rivera,Miguel,López,María,3573285467,miguel.rivera218@hotmail.com,5465792530
Torres,Miguel,Rojas,Carlos,3659150365,miguel.torres632@hotmail.com,1571894637
Torres,Ana,López,Luis,3872736126,ana.torres634@outlook.com,5658089258
Sánchez,Daniela,Díaz,Laura,3279089953,daniela.sánchez269@hotmail.com,9761266075
Rojas,Felipe,Rodríguez,Juan,3724303685,felipe.rojas375@yahoo.com,7178614763
López,Daniel,García,Felipe,3574735029,daniel.lópez496@gmail.com,6793493045
Suárez,Daniel,Suárez,Andrés,3358072040,daniel.suárez268@gmail.com,400695372
Ramírez,Camilo,Gómez,Daniela,3541709718,camilo.ramírez643@yahoo.com,1041606338
López,Miguel,López,Camila,3628076561,miguel.lópez715@yahoo.com,461495046
Díaz,Ana,González,Sofía,3212309088,ana.díaz460@yahoo.com,1762036816
Rodríguez,María,Rojas,María,3795823818,maría.rodríguez994@outlook.com,4497301007
Moreno,Carlos,Torres,Daniel,3536626517,carlos.moreno16@hotmail.com,4107134443
Pérez,Daniela,Ramírez,Daniela,3223414819,daniela.pérez668@gmail.com,1506404586
Martínez,Juan,Ortiz,Daniela,3323771749,juan.martínez671@gmail.com,5804626303
Díaz,Valentina,Herrera,Daniel,3943603071,valentina.díaz78@gmail.com,68161609
Suárez,Natalia,González,Valentina,3807637285,natalia.suárez219@hotmail.com,4096059252
Torres,Camila,Díaz,Camilo,3954255071,camila.torres355@yahoo.com,5389605428
Suárez,Laura,Castro,Carlos,3300399962,laura.suárez452@hotmail.com,2881108357
López,Paula,Ortiz,Jorge,3007642648,paula.lópez51@hotmail.com,5842834644
Flores,Juliana,González,Andrés,3777120855,juliana.flores639@yahoo.com,5967365486
Vargas,Sofía,Ramírez,Juliana,3466740025,sofía.vargas799@hotmail.com,4493330904
Ramírez,Laura,Díaz,Felipe,3006126419,laura.ramírez154@gmail.com,3229884143
Gómez,Andrés,Ortiz,Daniela,3954059494,andrés.gómez388@hotmail.com,7211057872
Castro,Natalia,Suárez,Paula,3788713728,natalia.castro642@yahoo.com,6387311719
Ortiz,Juliana,Ramírez,Miguel,3788126315,juliana.ortiz264@hotmail.com,3695190800
Castro,Juan,Ortiz,Camila,3621721585,juan.castro106@hotmail.com,1367366874
Castro,Santiago,Rodríguez,Ana,3577948471,santiago.castro858@outlook.com,6687704296
Ramírez,Sofía,García,Felipe,3122365582,sofía.ramírez159@outlook.com,6159152481
Herrera,Jorge,Moreno,Daniela,3560794974,jorge.herrera980@gmail.com,1833562170
Vargas,Laura,Pérez,Camila,3516638513,laura.vargas115@gmail.com,2816431127
Gómez,Santiago,Gómez,Paula,3733245957,santiago.gómez970@outlook.com,6078863838
Martínez,Daniel,Herrera,Ana,3501955918,daniel.martínez702@yahoo.com,7339434908
Moreno,Felipe,Ortiz,Camila,3395856938,felipe.moreno954@gmail.com,5919335327
Suárez,Camila,Flores,Paula,3555844455,camila.suárez603@outlook.com,380479702
Vargas,Camilo,Herrera,María,3253729113,camilo.vargas959@gmail.com,3028759790
Ramírez,Paula,Rodríguez,Juliana,3288406567,paula.ramírez477@yahoo.com,4347321973
Ortiz,Paula,Castro,María,3431667112,paula.ortiz663@gmail.com,7409049670
Gómez,Santiago,Rodríguez,Juliana,3158178368,santiago.gómez433@outlook.com,5963458502
Flores,Camila,Sánchez,Carlos,3830783204,camila.flores115@hotmail.com,4437201441
Rodríguez,Camila,Moreno,Andrés,3428276198,camila.rodríguez287@outlook.com,3081775801
Gómez,Sofía,Rivera,Camilo,3720854182,sofía.gómez381@outlook.com,2275196955
Rojas,Luis,Torres,María,3170491894,luis.rojas56@gmail.com,76690115
Torres,Santiago,Vargas,Miguel,3385424170,santiago.torres899@yahoo.com,2912565754
Rivera,Camilo,Flores,Paula,3340645890,camilo.rivera184@outlook.com,4444302856
Vargas,Daniela,López,Valentina,3622107865,daniela.vargas359@hotmail.com,8779691225
Moreno,Daniela,Pérez,Juan,3182642168,daniela.moreno726@outlook.com,9461963830
Vargas,Santiago,Ramírez,Carlos,3291783434,santiago.vargas724@gmail.com,3477265614
Castro,Sofía,Castro,Sofía,3273875473,sofía.castro884@outlook.com,9518451047
López,María,García,Juan,3361078363,maría.lópez708@outlook.com,4176190959
Suárez,Paula,Sánchez,Sofía,3835582384,paula.suárez401@gmail.com,3754120200
González,Andrés,Pérez,Daniela,3438213477,andrés.gonzález923@outlook.com,2962675512
Vargas,Miguel,Torres,Natalia,3639877181,miguel.vargas285@hotmail.com,2425148240
Moreno,Camilo,López,Sofía,3239958575,camilo.moreno252@outlook.com,2905242450
Suárez,Felipe,Suárez,Daniel,3085722224,felipe.suárez100@gmail.com,3456426794
González,Ana,López,Natalia,3166659595,ana.gonzález864@gmail.com,9745350075
Díaz,Camilo,Flores,María,3930946238,camilo.díaz984@gmail.com,5616189538
Díaz,María,Pérez,Daniela,3372832262,maría.díaz832@yahoo.com,9061430320
Gómez,Carlos,Díaz,Juliana,3962379491,carlos.gómez302@outlook.com,545526209
Herrera,Camila,González,Paula,3201800184,camila.herrera105@hotmail.com,5987993804
Rivera,Natalia,Flores,Luis,3092884968,natalia.rivera272@hotmail.com,3533988024
Sánchez,Valentina,Gómez,Jorge,3042621458,valentina.sánchez133@hotmail.com,5089831213
Castro,Ana,Castro,María,3313337546,ana.castro983@gmail.com,6288538012
González,Felipe,Moreno,Juan,3151541493,felipe.gonzález186@yahoo.com,1086495766
Gómez,Ana,Gómez,María,3552077049,ana.gómez505@gmail.com,6251325238
Rojas,Luis,González,Valentina,3077959427,luis.rojas649@outlook.com,5845937770
Díaz,Daniel,Pérez,Natalia,3435814119,daniel.díaz776@outlook.com,1737812813
Rodríguez,Paula,Castro,Juan,3705469502,paula.rodríguez561@hotmail.com,2722912427
Castro,Carlos,López,María,3840493242,carlos.castro534@outlook.com,3794265520
Ramírez,Sofía,Flores,Valentina,3830099177,sofía.ramírez943@gmail.com,8384067249
Moreno,Camila,Rodríguez,Ana,3775913730,camila.moreno398@yahoo.com,6319754498
Díaz,Carlos,Martínez,Daniel,3494231234,carlos.díaz50@hotmail.com,6654267066
Rodríguez,Ana,López,Sofía,3250214264,ana.rodríguez761@gmail.com,3996347648
Ramírez,María,Vargas,Sofía,3938814405,maría.ramírez261@hotmail.com,8419343507
Flores,Santiago,Vargas,Santiago,3004030817,santiago.flores46@outlook.com,9779617851
Suárez,Valentina,González,Andrés,3195369065,valentina.suárez191@yahoo.com,1029840027
Torres,Natalia,Vargas,Daniel,3004401253,natalia.torres572@outlook.com,677206224
Ortiz,Felipe,Vargas,Carlos,3918422280,felipe.ortiz820@hotmail.com,8321739323
Flores,Natalia,Sánchez,Valentina,3822949403,natalia.flores658@yahoo.com,5201893979
Ortiz,Daniela,Gómez,Camilo,3005989566,daniela.ortiz38@outlook.com,7368691280
Pérez,Felipe,Rojas,Laura,3470241341,felipe.pérez164@hotmail.com,2638564378
Martínez,Andrés,Pérez,Miguel,3990992154,andrés.martínez681@yahoo.com,6607599845
Rojas,Jorge,Castro,Luis,3659717921,jorge.rojas941@hotmail.com,7008158895
Herrera,Andrés,González,Daniel,3294096105,andrés.herrera382@yahoo.com,3917834148
Díaz,Miguel,Díaz,Valentina,3673519868,miguel.díaz826@hotmail.com,4054472414
Suárez,Natalia,Gómez,Felipe,3174912077,natalia.suárez418@outlook.com,7671501188
López,Natalia,Torres,Camila,3689634989,natalia.lópez871@hotmail.com,8352823899
Díaz,Valentina,Rodríguez,Juan,3686782920,valentina.díaz689@hotmail.com,7931151769
Rivera,Santiago,González,Felipe,3277108739,santiago.rivera426@outlook.com,7079862417
López,María,López,Paula,3047145110,maría.lópez219@yahoo.com,8103902233
Pérez,María,Rodríguez,Camila,3714825423,maría.pérez487@outlook.com,133421537
Pérez,Juliana,Vargas,Andrés,3195840065,juliana.pérez939@outlook.com,7916121142
Ramírez,Juliana,Díaz,Natalia,3550126535,juliana.ramírez935@outlook.com,8132831866
Díaz,Felipe,Martínez,Juliana,3521086768,felipe.díaz879@gmail.com,8893709523
Pérez,Andrés,García,Natalia,3167019557,andrés.pérez614@yahoo.com,2297698705
Rojas,Valentina,Flores,Laura,3552591002,valentina.rojas818@outlook.com,1669932728
Martínez,Jorge,Gómez,Laura,3299917554,jorge.martínez430@outlook.com,4965173807
Pérez,Andrés,García,Natalia,3021254012,andrés.pérez584@gmail.com,4240778979
Díaz,Sofía,Rivera,Andrés,3406617853,sofía.díaz16@hotmail.com,7590609095
Flores,Camila,Pérez,Valentina,3811730130,camila.flores819@hotmail.com,7813732861
Pérez,Santiago,Rodríguez,Laura,3428076589,santiago.pérez791@hotmail.com,6557192951
Sánchez,Paula,Suárez,Camilo,3538094748,paula.sánchez685@yahoo.com,7608983196
Martínez,Carlos,Martínez,Santiago,3134246984,carlos.martínez103@gmail.com,2176205123
Herrera,Daniela,Díaz,Laura,3302118364,daniela.herrera566@outlook.com,8936406175
Gómez,Ana,Torres,Valentina,3521881664,ana.gómez659@outlook.com,65491207
Pérez,Paula,Ramírez,Sofía,3131184038,paula.pérez383@yahoo.com,9245945868
Castro,Santiago,Torres,Valentina,3030411795,santiago.castro52@yahoo.com,9200896718
Herrera,Miguel,Martínez,Laura,3657813416,miguel.herrera938@hotmail.com,7811767208
Torres,Ana,Suárez,María,3736862351,ana.torres284@hotmail.com,5975126377
Vargas,Juan,Gómez,Sofía,3662956404,juan.vargas916@hotmail.com,3499605598
Torres,Jorge,Vargas,Camilo,3267468641,jorge.torres912@outlook.com,5344889409
Torres,Miguel,López,Ana,3396702050,miguel.torres984@yahoo.com,3185507954
Moreno,Carlos,Pérez,Luis,3514874332,carlos.moreno685@hotmail.com,1348311790
Rivera,Daniel,Flores,Ana,3466292147,daniel.rivera44@gmail.com,3090548798
Vargas,Sofía,Rojas,Juan,3407695302,sofía.vargas407@yahoo.com,2817477033
Castro,Juan,Sánchez,Daniel,3484084699,juan.castro313@gmail.com,9845630908
Sánchez,María,Torres,Camilo,3134196776,maría.sánchez250@gmail.com,434238732
Ramírez,Santiago,Ortiz,Valentina,3923643419,santiago.ramírez357@gmail.com,2173381442
Pérez,Camilo,Martínez,Juan,3636525691,camilo.pérez886@gmail.com,5961156592
Suárez,Daniel,Pérez,Camila,3945116561,daniel.suárez262@yahoo.com,7385364287
Díaz,Luis,Pérez,Daniel,3806405538,luis.díaz592@hotmail.com,686262245
Pérez,Jorge,Díaz,Miguel,3122587224,jorge.pérez523@gmail.com,43171801
Herrera,María,Herrera,Miguel,3747028404,maría.herrera813@outlook.com,6372912692
Rodríguez,Juliana,García,Daniela,3795620959,juliana.rodríguez166@hotmail.com,7976157285
Torres,Daniela,Moreno,Juan,3254873515,daniela.torres713@hotmail.com,8168541976
Rivera,Paula,González,Luis,3650577520,paula.rivera721@yahoo.com,4361011419
Herrera,Paula,Pérez,Natalia,3673293184,paula.herrera722@yahoo.com,4770896754
Suárez,María,Martínez,Camila,3431723303,maría.suárez988@hotmail.com,7785647172
Moreno,Luis,Herrera,Juliana,3115054925,luis.moreno413@gmail.com,6616415285
Vargas,Jorge,Martínez,Juan,3114210773,jorge.vargas400@hotmail.com,4960924555
Vargas,Sofía,Flores,Ana,3432941691,sofía.vargas761@yahoo.com,8317387974
Rodríguez,Carlos,Suárez,Camilo,3673681745,carlos.rodríguez462@yahoo.com,5448145942
García,Natalia,Ramírez,Paula,3925981325,natalia.garcía561@hotmail.com,1013792254
Herrera,Laura,Vargas,Daniela,3598094298,laura.herrera463@outlook.com,5933149804
Suárez,Laura,Rivera,Luis,3921126521,laura.suárez668@yahoo.com,9891283823
Torres,Natalia,Vargas,Juan,3957937908,natalia.torres486@gmail.com,6228769721
Rivera,Jorge,Díaz,Valentina,3635055695,jorge.rivera806@gmail.com,7756231852
Moreno,Sofía,López,Jorge,3395663962,sofía.moreno746@yahoo.com,1256785952
Vargas,Daniela,Pérez,Natalia,3563770632,daniela.vargas694@yahoo.com,3809335851
Sánchez,Luis,Díaz,Santiago,3170923056,luis.sánchez392@outlook.com,8804200662
Gómez,Andrés,Herrera,Laura,3094762364,andrés.gómez36@yahoo.com,248867175
Rivera,Sofía,Rodríguez,Luis,3568442955,sofía.rivera691@hotmail.com,2421849511
González,Daniela,Castro,Sofía,3298685085,daniela.gonzález67@gmail.com,8646058478
Suárez,Santiago,Castro,Natalia,3829673953,santiago.suárez604@hotmail.com,2127979427
Pérez,Laura,Suárez,María,3313343262,laura.pérez209@hotmail.com,8827963607
Díaz,Juliana,Rojas,Miguel,3567296625,juliana.díaz976@hotmail.com,7924676332
Ramírez,Laura,Gómez,Jorge,3278821496,laura.ramírez927@hotmail.com,5442171281
Castro,Daniel,Torres,Santiago,3210542466,daniel.castro961@gmail.com,9247740299
Moreno,Valentina,Flores,Paula,3305726844,valentina.moreno234@yahoo.com,7437024178
Torres,Camilo,González,Valentina,3240222658,camilo.torres11@gmail.com,5112268691
Sánchez,Laura,Herrera,Daniela,3001469029,laura.sánchez937@outlook.com,9460450677
Vargas,Ana,Suárez,Daniela,3102617431,ana.vargas863@gmail.com,6038048007
González,María,Pérez,Santiago,3550045266,maría.gonzález379@outlook.com,9273558437
Rivera,Paula,Díaz,Daniel,3654434701,paula.rivera481@yahoo.com,1750243444
Torres,Laura,González,María,3881492830,laura.torres160@yahoo.com,4351298100
González,Camila,Rojas,Miguel,3306877691,camila.gonzález281@yahoo.com,2640988515
Vargas,Camila,Sánchez,Natalia,3720956306,camila.vargas345@yahoo.com,96212315
Martínez,Luis,Rojas,Valentina,3529876417,luis.martínez449@outlook.com,6987915002
Rodríguez,Valentina,García,Santiago,3323375434,valentina.rodríguez128@gmail.com,3209769719
Pérez,Daniel,López,Jorge,3744456923,daniel.pérez824@hotmail.com,3317569648
Pérez,Valentina,García,Laura,3695003054,valentina.pérez171@outlook.com,3505994783
Vargas,Natalia,García,Daniel,3752992468,natalia.vargas695@yahoo.com,4960831078
Pérez,Camilo,Castro,Daniel,3116516142,camilo.pérez478@gmail.com,6756260645
González,Ana,Moreno,Luis,3539208998,ana.gonzález989@outlook.com,1202318815
Castro,Daniel,Díaz,Andrés,3657509499,daniel.castro614@yahoo.com,497337620
Herrera,Miguel,Díaz,Paula,3902305545,miguel.herrera30@gmail.com,85103544
Ramírez,Sofía,Ramírez,Camilo,3643311190,sofía.ramírez485@gmail.com,95022118
Martínez,Juan,Ortiz,Laura,3230593850,juan.martínez158@outlook.com,5597230245
Ramírez,Ana,López,Paula,3460293277,ana.ramírez88@hotmail.com,2171200361
López,María,Herrera,Felipe,3536604276,maría.lópez588@hotmail.com,188331495
Suárez,Felipe,Díaz,Sofía,3911880406,felipe.suárez758@yahoo.com,6670500688
Martínez,Felipe,Martínez,Ana,3931397912,felipe.martínez511@outlook.com,1731874660
Pérez,Camilo,Flores,Sofía,3174642373,camilo.pérez444@hotmail.com,8710201170
Vargas,María,Ramírez,Miguel,3297853305,maría.vargas65@hotmail.com,1173454991
Rodríguez,Camila,Flores,Daniel,3846740816,camila.rodríguez752@gmail.com,473107663
Rojas,Luis,Pérez,Ana,3401144178,luis.rojas706@outlook.com,2400911211
Flores,Andrés,Moreno,Camila,3197325651,andrés.flores701@hotmail.com,7459729148
Gómez,Camila,Ramírez,Andrés,3241328397,camila.gómez182@yahoo.com,7462436615
Martínez,Carlos,Flores,Felipe,3400029248,carlos.martínez174@hotmail.com,2129940994
Herrera,Felipe,Herrera,Miguel,3469720228,felipe.herrera710@gmail.com,4469968491
Torres,Laura,Castro,Felipe,3455546090,laura.torres592@yahoo.com,8032032161
Moreno,Camilo,González,Paula,3893513965,camilo.moreno843@hotmail.com,5196232445
Flores,Jorge,Castro,María,3948269370,jorge.flores663@hotmail.com,2555324640
Rodríguez,Santiago,Martínez,Andrés,3975912722,santiago.rodríguez713@yahoo.com,9128722260
López,Sofía,Suárez,Daniel,3264453692,sofía.lópez679@outlook.com,8937428678
Herrera,Paula,Gómez,Laura,3294719992,paula.herrera265@hotmail.com,9327636896
Gómez,Sofía,Ramírez,Daniel,3639488868,sofía.gómez911@gmail.com,2297038278
Rodríguez,Daniela,Vargas,María,3776556391,daniela.rodríguez526@hotmail.com,1901892325
Sánchez,Daniel,Flores,Andrés,3715130453,daniel.sánchez576@gmail.com,8534933517
Ramírez,Valentina,Vargas,Luis,3971846934,valentina.ramírez146@yahoo.com,501869200
Martínez,Juliana,Rivera,Daniel,3219595652,juliana.martínez516@gmail.com,608454602
Castro,Daniel,Díaz,Santiago,3061548172,daniel.castro731@yahoo.com,9006502204
López,Laura,Sánchez,Ana,3988900315,laura.lópez781@gmail.com,5310390584
Martínez,Jorge,González,Jorge,3474401528,jorge.martínez758@hotmail.com,2627682187
Herrera,Juan,Suárez,Daniel,3217869842,juan.herrera712@hotmail.com,8589623559
Rodríguez,Daniel,Martínez,Sofía,3459306501,daniel.rodríguez305@yahoo.com,3558097934
Ramírez,Daniela,Rodríguez,María,3934653518,daniela.ramírez521@yahoo.com,2672384516
García,Ana,García,Felipe,3884089284,ana.garcía159@yahoo.com,5662978537
Sánchez,Felipe,Pérez,Jorge,3938473403,felipe.sánchez134@gmail.com,5339187577
Castro,Ana,Sánchez,Camila,3432648503,ana.castro51@hotmail.com,5290769248
Rodríguez,Juan,Flores,Carlos,3094360627,juan.rodríguez96@hotmail.com,5211468326
Moreno,Natalia,Díaz,Carlos,3126414817,natalia.moreno659@hotmail.com,2054185049
Ramírez,Camilo,Suárez,Carlos,3297526149,camilo.ramírez564@yahoo.com,1112006633
González,Juliana,Vargas,Jorge,3994885788,juliana.gonzález404@hotmail.com,5339172499
Pérez,Daniela,Sánchez,Laura,3790629585,daniela.pérez205@outlook.com,4804259901
Pérez,Juliana,González,Daniel,3633813307,juliana.pérez433@gmail.com,1584826513
García,Natalia,Vargas,Camila,3174645254,natalia.garcía310@hotmail.com,9521100555
Ramírez,Luis,Rivera,Daniela,3097764063,luis.ramírez225@gmail.com,6217583850
Castro,Paula,Moreno,Juliana,3642600531,paula.castro376@outlook.com,9295146317
García,Andrés,Gómez,Camila,3753425344,andrés.garcía291@gmail.com,8747526425
Torres,Valentina,Gómez,Felipe,3604512613,valentina.torres22@outlook.com,914143374
Ramírez,Santiago,González,Laura,3014913884,santiago.ramírez779@yahoo.com,1751085527
Ramírez,Juliana,Vargas,Laura,3647850977,juliana.ramírez715@hotmail.com,3172649302
Castro,Juan,Sánchez,Daniela,3441957016,juan.castro136@hotmail.com,8067241246
Vargas,Paula,Pérez,Andrés,3548058886,paula.vargas251@yahoo.com,6548684573
Flores,Laura,Vargas,Juliana,3169962723,laura.flores99@gmail.com,9932970838
Herrera,María,Ramírez,Jorge,3997972246,maría.herrera927@hotmail.com,382755089
López,Camila,López,Luis,3345807186,camila.lópez890@hotmail.com,8178282151
García,Natalia,Martínez,Miguel,3053059515,natalia.garcía167@yahoo.com,3322606224
Castro,Natalia,Ortiz,Ana,3730639756,natalia.castro137@outlook.com,2701094424
Herrera,Felipe,Flores,Felipe,3832068523,felipe.herrera651@hotmail.com,6341118126
Rojas,Jorge,Sánchez,Andrés,3575522460,jorge.rojas657@gmail.com,9415192293
Suárez,Andrés,González,Ana,3302387351,andrés.suárez764@gmail.com,7684725903
Pérez,Juliana,Rodríguez,Carlos,3412488898,juliana.pérez548@gmail.com,3361488008
Suárez,María,Moreno,Camila,3404225662,maría.suárez605@hotmail.com,9658240582
González,Luis,García,Camila,3909920651,luis.gonzález230@yahoo.com,3854027229
García,Sofía,Rodríguez,Natalia,3693479246,sofía.garcía222@yahoo.com,1072182904
López,Ana,Díaz,Natalia,3295943233,ana.lópez683@hotmail.com,4851861650
Pérez,María,Torres,Andrés,3534684758,maría.pérez48@yahoo.com,6048664619
Gómez,Felipe,Pérez,Laura,3878142464,felipe.gómez602@hotmail.com,6037307420
Ramírez,Paula,Vargas,Santiago,3462345473,paula.ramírez951@outlook.com,5748679996
Sánchez,Juan,González,Andrés,3366515407,juan.sánchez594@outlook.com,3530312834
Gómez,Carlos,Rivera,Carlos,3983664907,carlos.gómez886@outlook.com,574940140
Pérez,Jorge,Moreno,Laura,3258652479,jorge.pérez256@gmail.com,8749617264
Herrera,Camilo,Díaz,Valentina,3762101433,camilo.herrera547@gmail.com,8397203503
Rivera,Sofía,García,Ana,3419659980,sofía.rivera244@hotmail.com,1061169202
Moreno,Daniela,Castro,Andrés,3497274687,daniela.moreno501@outlook.com,8395723691
Pérez,Camilo,Suárez,Jorge,3986454612,camilo.pérez917@outlook.com,4781253790
Ortiz,Santiago,Rojas,Daniela,3181683436,santiago.ortiz655@outlook.com,9535515918
Ortiz,Andrés,González,Sofía,3097045969,andrés.ortiz57@hotmail.com,4924818807
López,María,Herrera,Juan,3635348549,maría.lópez958@hotmail.com,310099061
García,María,Ortiz,Sofía,3559934174,maría.garcía110@yahoo.com,4249821907
Sánchez,Daniel,López,Andrés,3275946274,daniel.sánchez900@hotmail.com,8256080290
Torres,Natalia,López,Carlos,3011250665,natalia.torres875@yahoo.com,4563449917
González,Daniela,Suárez,Paula,3502590642,daniela.gonzález140@hotmail.com,9121349983
Martínez,Camilo,González,Daniela,3582505767,camilo.martínez210@yahoo.com,5099693430
Gómez,Natalia,Suárez,Paula,3213929250,natalia.gómez771@gmail.com,6151275109
Martínez,Andrés,García,Juliana,3433843655,andrés.martínez784@gmail.com,6650263850
Pérez,Santiago,Ortiz,María,3531596226,santiago.pérez533@outlook.com,5407296720
Ramírez,María,González,Daniel,3045475336,maría.ramírez681@outlook.com,2297933844
López,Juliana,González,Carlos,3898154865,juliana.lópez20@hotmail.com,9557951091
Pérez,Valentina,Ortiz,Laura,3165660630,valentina.pérez850@hotmail.com,7543749361
Flores,Andrés,Rodríguez,Luis,3445718938,andrés.flores441@outlook.com,4885462293
Moreno,Luis,Herrera,Natalia,3726405773,luis.moreno963@outlook.com,4109734983
Castro,Felipe,Ortiz,Natalia,3565742247,felipe.castro244@outlook.com,4533808031
Rojas,Natalia,Torres,María,3244183121,natalia.rojas246@gmail.com,4761547159
Ramírez,Jorge,Ortiz,Miguel,3972850918,jorge.ramírez190@yahoo.com,9964689403
González,Camila,Sánchez,Andrés,3756565446,camila.gonzález259@hotmail.com,9838514704
Rodríguez,Miguel,Torres,Camilo,3279157419,miguel.rodríguez566@outlook.com,6302528476
Pérez,Felipe,González,Valentina,3957376394,felipe.pérez544@yahoo.com,9842974689
Castro,Camilo,Suárez,Daniela,3082681308,camilo.castro66@gmail.com,837162929
Sánchez,Laura,Díaz,Daniela,3441999337,laura.sánchez784@yahoo.com,1774379625
Suárez,Daniel,Díaz,Luis,3881444035,daniel.suárez930@gmail.com,6820173961
Rivera,Santiago,Suárez,Felipe,3284508866,santiago.rivera763@outlook.com,5227891455
Ramírez,Carlos,Flores,Daniela,3787219870,carlos.ramírez84@outlook.com,8205403826
Rivera,Carlos,Suárez,Ana,3450593115,carlos.rivera121@yahoo.com,9233659341
Ramírez,Santiago,Torres,Daniela,3941184481,santiago.ramírez959@gmail.com,9239075197
Pérez,Andrés,Ramírez,Camila,3849400954,andrés.pérez420@hotmail.com,7687295255
Ramírez,Juan,González,Carlos,3933482633,juan.ramírez172@outlook.com,511747677
Moreno,Laura,Rivera,Luis,3771301240,laura.moreno344@gmail.com,4547073011
González,Daniela,Rodríguez,Santiago,3950502839,daniela.gonzález331@yahoo.com,2289590467
Torres,Valentina,Flores,Felipe,3151720973,valentina.torres244@outlook.com,588522743
Gómez,Camila,Díaz,Jorge,3840496541,camila.gómez344@hotmail.com,2869222193
Pérez,Juan,Torres,Juan,3648056504,juan.pérez830@gmail.com,8441975558
Díaz,Luis,Flores,María,3055725968,luis.díaz280@yahoo.com,5385153705
Pérez,Carlos,Ortiz,Andrés,3016588131,carlos.pérez54@hotmail.com,3401196617
Flores,Santiago,Ortiz,Camilo,3466450101,santiago.flores911@yahoo.com,9595666732
López,Camila,Torres,Daniela,3109860091,camila.lópez297@yahoo.com,5665179372
Martínez,Valentina,Díaz,Camilo,3527485738,valentina.martínez542@gmail.com,8156754567
Suárez,Daniela,López,Juan,3171698987,daniela.suárez250@gmail.com,2538891699
Ortiz,Jorge,Díaz,Daniela,3758073226,jorge.ortiz676@outlook.com,8137897216
Flores,Valentina,Rivera,Juliana,3194571922,valentina.flores886@hotmail.com,1814589380
Díaz,Andrés,Rivera,Ana,3520543282,andrés.díaz943@yahoo.com,9790502148
García,Daniela,Vargas,Felipe,3101885820,daniela.garcía190@gmail.com,9239386216
Torres,Carlos,Gómez,Juliana,3850231734,carlos.torres328@outlook.com,2266350785
Martínez,Miguel,Herrera,Natalia,3524244340,miguel.martínez140@gmail.com,378135249
Ortiz,Jorge,Moreno,Juliana,3022024457,jorge.ortiz994@yahoo.com,3216314858
García,Camila,González,Juan,3853708162,camila.garcía625@yahoo.com,9290723376
Rivera,Daniela,Torres,Daniela,3684815478,daniela.rivera68@yahoo.com,4556436730
García,Juliana,Gómez,Felipe,3022521732,juliana.garcía479@hotmail.com,1940574470
Pérez,Jorge,García,Carlos,3109893645,jorge.pérez707@gmail.com,8938303374
Ortiz,María,Rodríguez,Jorge,3249063544,maría.ortiz538@gmail.com,6471953840
Martínez,Paula,Castro,Daniel,3409720255,paula.martínez269@yahoo.com,6155313197
Vargas,Felipe,Castro,Daniel,3813433882,felipe.vargas24@hotmail.com,271158842
Suárez,Daniel,Torres,Juliana,3898342203,daniel.suárez632@yahoo.com,9684075406
Martínez,Paula,Rojas,Paula,3605095608,paula.martínez617@outlook.com,9906369196
Flores,Miguel,Ortiz,Andrés,3671029145,miguel.flores798@hotmail.com,8020657111
López,Laura,Vargas,Juliana,3650419868,laura.lópez813@outlook.com,3879492621
Sánchez,Juan,García,Luis,3168365149,juan.sánchez50@yahoo.com,5001999602
Ramírez,Camilo,Rojas,Juliana,3692489707,camilo.ramírez809@gmail.com,454000178
Pérez,Felipe,Ramírez,Juan,3215468169,felipe.pérez171@yahoo.com,357303678
Castro,Luis,Rojas,Sofía,3874461119,luis.castro289@gmail.com,112863841
López,Andrés,González,Felipe,3882496602,andrés.lópez577@yahoo.com,9413073323
Sánchez,Daniel,Ortiz,Juan,3437806422,daniel.sánchez651@yahoo.com,5103009240
Pérez,Juliana,Rivera,Santiago,3658875020,juliana.pérez908@yahoo.com,8243238125
González,Jorge,Herrera,Jorge,3147557030,jorge.gonzález576@hotmail.com,5076459334
Torres,Ana,Ramírez,Natalia,3931963071,ana.torres973@hotmail.com,781314001
Rojas,Daniel,González,Sofía,3430838624,daniel.rojas755@gmail.com,3905573437
Díaz,Juan,González,Sofía,3849402112,juan.díaz625@gmail.com,1330605718
Gómez,Ana,García,Daniel,3885761382,ana.gómez454@hotmail.com,7634386798
Suárez,Ana,Ramírez,Daniela,3805372055,ana.suárez986@yahoo.com,1863424887
Moreno,Felipe,Rojas,Camilo,3038829244,felipe.moreno581@yahoo.com,158049594
Sánchez,Juliana,Moreno,Luis,3538250720,juliana.sánchez908@hotmail.com,779571011
Gómez,Sofía,Rivera,Daniel,3650479840,sofía.gómez143@outlook.com,5197894313
Rodríguez,Laura,Herrera,Carlos,3282117137,laura.rodríguez298@yahoo.com,9939524911
Martínez,Miguel,González,María,3611850270,miguel.martínez63@outlook.com,6995856589
Castro,Camila,Martínez,Valentina,3242698704,camila.castro144@gmail.com,5998486348
Rodríguez,Laura,Ramírez,Valentina,3617041796,laura.rodríguez774@hotmail.com,8129028446
Rodríguez,Paula,Herrera,Ana,3633847943,paula.rodríguez58@yahoo.com,8784871148
Rodríguez,Daniela,Herrera,Juliana,3740246750,daniela.rodríguez271@hotmail.com,1079961376
Rivera,Sofía,Martínez,María,3386596591,sofía.rivera793@gmail.com,5937306120
Vargas,Luis,Gómez,Juan,3817576055,luis.vargas211@outlook.com,2037468864
Flores,Camilo,Sánchez,Daniel,3660520973,camilo.flores95@outlook.com,5234372804
Gómez,Santiago,Suárez,Luis,3066335394,santiago.gómez883@gmail.com,4472263600
Díaz,Camila,Pérez,Juan,3992432913,camila.díaz668@gmail.com,7490849103
Ramírez,Natalia,Herrera,Jorge,3368682022,natalia.ramírez117@hotmail.com,5454169705
Ramírez,Paula,Rojas,Laura,3814467160,paula.ramírez277@outlook.com,7579270988
Rojas,Laura,Pérez,Jorge,3449297184,laura.rojas464@outlook.com,1403850509
Torres,Luis,Díaz,Ana,3725371199,luis.torres977@gmail.com,1331154104
López,Paula,Martínez,Santiago,3852311994,paula.lópez431@gmail.com,6396285366
García,Natalia,Rivera,Carlos,3657342071,natalia.garcía850@hotmail.com,1146959918
González,Andrés,Flores,Luis,3102887000,andrés.gonzález271@hotmail.com,2673819923
González,Luis,López,Daniel,3242791444,luis.gonzález545@outlook.com,6183457720
Gómez,Daniela,Rivera,Miguel,3621771728,daniela.gómez708@gmail.com,224097575
Torres,Camilo,Vargas,Daniela,3435299607,camilo.torres575@hotmail.com,4146359137
Rojas,Daniela,González,Santiago,3603053172,daniela.rojas368@outlook.com,5240280472
García,Camilo,Moreno,Valentina,3017440923,camilo.garcía609@outlook.com,3864155067
Sánchez,Camilo,Rivera,Paula,3874840527,camilo.sánchez525@outlook.com,4160075001
Ortiz,Daniela,Suárez,Luis,3437616735,daniela.ortiz286@gmail.com,6096769561
Moreno,Juliana,García,Juan,3694705779,juliana.moreno316@yahoo.com,156971959
Suárez,Daniela,Vargas,Juliana,3988965880,daniela.suárez658@outlook.com,8382510437
Ortiz,Carlos,Ramírez,Valentina,3985035848,carlos.ortiz24@yahoo.com,4503806375
García,Valentina,García,Juan,3607644065,valentina.garcía807@outlook.com,4642680898
Suárez,Camila,Herrera,Camilo,3083733270,camila.suárez773@yahoo.com,5287506496
Rojas,Miguel,López,Daniel,3619688917,miguel.rojas316@outlook.com,3261184714
Suárez,Juliana,Gómez,Juliana,3040287835,juliana.suárez123@hotmail.com,4514399332
Castro,Sofía,Ramírez,Laura,3510397387,sofía.castro123@outlook.com,9342057776
Rodríguez,Camila,López,Sofía,3206145189,camila.rodríguez652@hotmail.com,7710241323
Suárez,Camilo,Vargas,Santiago,3950759187,camilo.suárez196@hotmail.com,8380618536
Torres,Camila,López,Juliana,3436008284,camila.torres492@yahoo.com,7979203800
García,Felipe,Díaz,Natalia,3412159634,felipe.garcía976@outlook.com,5887601298
García,Juliana,Pérez,Santiago,3397367503,juliana.garcía139@hotmail.com,2842851679
Pérez,Carlos,Suárez,Jorge,3803673414,carlos.pérez92@gmail.com,7831734549
Pérez,Felipe,Rivera,Valentina,3500907370,felipe.pérez325@gmail.com,6880676553
Herrera,Felipe,Suárez,Carlos,3613708477,felipe.herrera763@gmail.com,5255831846
Castro,Santiago,Vargas,Juan,3252583767,santiago.castro122@yahoo.com,5385693049
Torres,Paula,Moreno,Felipe,3088833922,paula.torres380@yahoo.com,4886861513
Martínez,Camila,Sánchez,Camila,3750631542,camila.martínez96@outlook.com,3437466586
Pérez,Juliana,Rivera,Valentina,3918737437,juliana.pérez775@yahoo.com,6117929137
González,Laura,Vargas,Carlos,3972747368,laura.gonzález470@outlook.com,3422438885
Ramírez,Miguel,Martínez,Camilo,3237488369,miguel.ramírez890@yahoo.com,448407166
Ortiz,Valentina,López,Camilo,3525401547,valentina.ortiz51@yahoo.com,7698660675
López,Andrés,Flores,Camilo,3321482762,andrés.lópez707@gmail.com,5388679876
López,Laura,Díaz,Carlos,3636419700,laura.lópez522@gmail.com,2137126546
Ramírez,Daniela,Ramírez,Paula,3808871488,daniela.ramírez453@gmail.com,8209880709
Martínez,Camilo,Pérez,Natalia,3352204029,camilo.martínez756@hotmail.com,328590812
Castro,Ana,Castro,Miguel,3008257235,ana.castro884@outlook.com,8888887465
Herrera,Juliana,Pérez,Laura,3210065204,juliana.herrera42@outlook.com,5194954128
Díaz,Natalia,Pérez,Luis,3469661547,natalia.díaz534@hotmail.com,2584055233
Rivera,Carlos,González,Natalia,3933722952,carlos.rivera561@gmail.com,1809494631
Rivera,Miguel,Rivera,Camilo,3953735762,miguel.rivera492@hotmail.com,5931419545
Gómez,Camilo,Rodríguez,Natalia,3955004534,camilo.gómez612@gmail.com,7116713984
Vargas,Sofía,López,Juan,3641059045,sofía.vargas97@gmail.com,4310520468
Ramírez,Natalia,Herrera,Santiago,3045837696,natalia.ramírez222@gmail.com,6131276631
Martínez,Camila,Rojas,Miguel,3194024161,camila.martínez630@gmail.com,1307301195
Castro,Laura,Vargas,Carlos,3859689269,laura.castro309@yahoo.com,1125513428
Rodríguez,Andrés,Martínez,Jorge,3181053759,andrés.rodríguez354@hotmail.com,4867664531
Rojas,Paula,Rodríguez,Daniela,3751532454,paula.rojas445@gmail.com,8565117987
Suárez,Natalia,Sánchez,Miguel,3679384461,natalia.suárez384@yahoo.com,9450788478
Martínez,Miguel,Ramírez,Camila,3378830229,miguel.martínez917@outlook.com,2608775960
Gómez,Sofía,Martínez,Jorge,3081022435,sofía.gómez303@yahoo.com,6710895165
González,Ana,Martínez,Miguel,3265228323,ana.gonzález790@gmail.com,7598395526
Pérez,Andrés,Rivera,Daniel,3979011817,andrés.pérez226@yahoo.com,506011741
Rodríguez,Luis,Martínez,Camila,3035401103,luis.rodríguez860@outlook.com,8784910020
Torres,Juan,García,Daniela,3395048008,juan.torres552@gmail.com,748021101
Torres,Ana,Martínez,Camila,3217254452,ana.torres105@hotmail.com,1220196933
Rojas,Sofía,Pérez,Carlos,3427921819,sofía.rojas349@yahoo.com,5332051118
Moreno,Daniel,Rojas,Andrés,3124549050,daniel.moreno122@gmail.com,7858791315
Martínez,Paula,Rivera,María,3718548881,paula.martínez148@outlook.com,9854789574
Vargas,Carlos,Suárez,Daniel,3628626000,carlos.vargas156@outlook.com,6462047585
Martínez,Daniela,Gómez,Camila,3550795427,daniela.martínez332@hotmail.com,7380532762
Torres,Santiago,Vargas,Sofía,3180267837,santiago.torres813@outlook.com,6704983789
Suárez,Jorge,Pérez,Sofía,3326049834,jorge.suárez917@hotmail.com,2049514253
López,Carlos,García,Juan,3765488219,carlos.lópez440@gmail.com,6526887486
Moreno,Laura,Gómez,Ana,3156012245,laura.moreno735@hotmail.com,1371563994
Torres,Andrés,García,Laura,3228829163,andrés.torres33@yahoo.com,8846616012
Rivera,Juan,González,Andrés,3593150863,juan.rivera221@yahoo.com,4020912201
Ramírez,Miguel,Flores,Camilo,3581880250,miguel.ramírez440@yahoo.com,9225985161
Torres,Camilo,Torres,Sofía,3726791402,camilo.torres915@hotmail.com,893187839
Ramírez,Andrés,García,Natalia,3417189266,andrés.ramírez969@outlook.com,7101915812
Rodríguez,Luis,González,Paula,3907980711,luis.rodríguez508@yahoo.com,4820098986
Castro,Santiago,Pérez,Daniel,3126807824,santiago.castro917@yahoo.com,6409398244
Rojas,Juan,Moreno,Daniel,3004114112,juan.rojas926@yahoo.com,8319759312
Herrera,Miguel,Ramírez,Miguel,3823250423,miguel.herrera204@yahoo.com,645856496
Moreno,Santiago,Castro,Ana,3891151248,santiago.moreno736@yahoo.com,6793249480
Pérez,Carlos,Flores,Valentina,3874088459,carlos.pérez768@gmail.com,8893132801
Rodríguez,Natalia,García,Santiago,3837197762,natalia.rodríguez393@hotmail.com,2666616704
Rodríguez,Juan,Suárez,Luis,3718898703,juan.rodríguez892@yahoo.com,8711463060
Pérez,Andrés,Gómez,María,3604455621,andrés.pérez732@outlook.com,6362024122
Herrera,Valentina,Rojas,Daniel,3334337985,valentina.herrera997@yahoo.com,9725158245
Martínez,Luis,Díaz,Laura,3302657364,luis.martínez285@outlook.com,9920723584
Ramírez,Felipe,Rodríguez,Santiago,3836046410,felipe.ramírez73@yahoo.com,2717799859
Gómez,Santiago,García,Valentina,3202099622,santiago.gómez600@gmail.com,7729988018
Rivera,Camilo,Sánchez,Camila,3654802318,camilo.rivera193@hotmail.com,9091833347
